CREATE DATABASE  IF NOT EXISTS `rigdb_rev2` /*!40100 DEFAULT CHARACTER SET utf8mb4 COLLATE utf8mb4_general_ci */ /*!80016 DEFAULT ENCRYPTION='N' */;
USE `rigdb_rev2`;
-- MySQL dump 10.13  Distrib 8.0.19, for Win64 (x86_64)
--
-- Host: localhost    Database: rigdb_rev2
-- ------------------------------------------------------
-- Server version	8.0.18

/*!40101 SET @OLD_CHARACTER_SET_CLIENT=@@CHARACTER_SET_CLIENT */;
/*!40101 SET @OLD_CHARACTER_SET_RESULTS=@@CHARACTER_SET_RESULTS */;
/*!40101 SET @OLD_COLLATION_CONNECTION=@@COLLATION_CONNECTION */;
/*!50503 SET NAMES utf8 */;
/*!40103 SET @OLD_TIME_ZONE=@@TIME_ZONE */;
/*!40103 SET TIME_ZONE='+00:00' */;
/*!40014 SET @OLD_UNIQUE_CHECKS=@@UNIQUE_CHECKS, UNIQUE_CHECKS=0 */;
/*!40014 SET @OLD_FOREIGN_KEY_CHECKS=@@FOREIGN_KEY_CHECKS, FOREIGN_KEY_CHECKS=0 */;
/*!40101 SET @OLD_SQL_MODE=@@SQL_MODE, SQL_MODE='NO_AUTO_VALUE_ON_ZERO' */;
/*!40111 SET @OLD_SQL_NOTES=@@SQL_NOTES, SQL_NOTES=0 */;

--
-- Table structure for table `brand_cats`
--

DROP TABLE IF EXISTS `brand_cats`;
/*!40101 SET @saved_cs_client     = @@character_set_client */;
/*!50503 SET character_set_client = utf8mb4 */;
CREATE TABLE `brand_cats` (
  `id` int(11) NOT NULL AUTO_INCREMENT,
  `brandId` int(11) NOT NULL,
  `categoryId` int(11) NOT NULL,
  PRIMARY KEY (`id`),
  KEY `fk_bc_b_idx` (`brandId`),
  KEY `fk_bc_c_idx` (`categoryId`),
  CONSTRAINT `fk_bc_b` FOREIGN KEY (`brandId`) REFERENCES `brands` (`id`) ON DELETE CASCADE,
  CONSTRAINT `fk_bc_c` FOREIGN KEY (`categoryId`) REFERENCES `categories` (`id`) ON DELETE CASCADE
) ENGINE=InnoDB AUTO_INCREMENT=114 DEFAULT CHARSET=latin1 COLLATE=latin1_bin;
/*!40101 SET character_set_client = @saved_cs_client */;

--
-- Dumping data for table `brand_cats`
--

LOCK TABLES `brand_cats` WRITE;
/*!40000 ALTER TABLE `brand_cats` DISABLE KEYS */;
INSERT INTO `brand_cats` VALUES (1,1,2),(2,2,2),(12,5,3),(13,6,3),(14,6,5),(15,7,3),(16,7,5),(17,8,4),(18,8,6),(19,9,4),(20,10,5),(21,11,6),(22,12,6),(23,13,6),(24,13,8),(25,14,7),(26,15,7),(27,16,1),(28,16,4),(29,16,9),(30,16,7),(31,17,8),(32,18,1),(33,18,9),(34,19,9),(35,20,9),(56,3,1),(57,3,7),(58,3,9),(83,21,4),(84,23,3),(85,23,5),(96,24,1),(97,24,7),(100,28,5),(101,29,3),(102,30,4),(103,30,6),(105,31,4),(106,31,6),(107,32,7),(108,33,7),(109,33,9),(110,34,8),(111,4,1),(112,4,9),(113,35,9);
/*!40000 ALTER TABLE `brand_cats` ENABLE KEYS */;
UNLOCK TABLES;

--
-- Table structure for table `brands`
--

DROP TABLE IF EXISTS `brands`;
/*!40101 SET @saved_cs_client     = @@character_set_client */;
/*!50503 SET character_set_client = utf8mb4 */;
CREATE TABLE `brands` (
  `id` int(11) NOT NULL AUTO_INCREMENT,
  `brand` varchar(45) CHARACTER SET utf8mb4 COLLATE utf8mb4_general_ci NOT NULL,
  PRIMARY KEY (`id`)
) ENGINE=InnoDB AUTO_INCREMENT=36 DEFAULT CHARSET=latin1 COLLATE=latin1_bin;
/*!40101 SET character_set_client = @saved_cs_client */;

--
-- Dumping data for table `brands`
--

LOCK TABLES `brands` WRITE;
/*!40000 ALTER TABLE `brands` DISABLE KEYS */;
INSERT INTO `brands` VALUES (1,'AMD'),(2,'INTEL'),(3,'Cooler Master'),(4,'Cube Gaming'),(5,'ASRock'),(6,'Gigabyte'),(7,'Asus'),(8,'ADATA'),(9,'KLEVV'),(10,'Zotac'),(11,'Seagate'),(12,'WD'),(13,'Samsung'),(14,'Seasonic'),(15,'FSP'),(16,'Corsair'),(17,'LG'),(18,'Armaggeddon'),(19,'Logitech'),(20,'Steel Series'),(21,'Apacer'),(23,'MSI'),(24,'Thermaltake'),(28,'Sapphire'),(29,'Biostar'),(30,'Kingston'),(31,'Team Elite'),(32,'Super Flower'),(33,'be quiet!'),(34,'DELL'),(35,'Deep Cool');
/*!40000 ALTER TABLE `brands` ENABLE KEYS */;
UNLOCK TABLES;

--
-- Table structure for table `carousels`
--

DROP TABLE IF EXISTS `carousels`;
/*!40101 SET @saved_cs_client     = @@character_set_client */;
/*!50503 SET character_set_client = utf8mb4 */;
CREATE TABLE `carousels` (
  `id` int(11) NOT NULL AUTO_INCREMENT,
  `image` varchar(45) NOT NULL,
  `heroText` text NOT NULL,
  `text` text NOT NULL,
  `link` varchar(45) DEFAULT NULL,
  PRIMARY KEY (`id`)
) ENGINE=InnoDB AUTO_INCREMENT=7 DEFAULT CHARSET=utf8mb4 COLLATE=utf8mb4_general_ci;
/*!40101 SET character_set_client = @saved_cs_client */;

--
-- Dumping data for table `carousels`
--

LOCK TABLES `carousels` WRITE;
/*!40000 ALTER TABLE `carousels` DISABLE KEYS */;
INSERT INTO `carousels` VALUES (3,'/images/carousel/carousel1.jpg','Ready to be a Winner!','Pick your gear and ready for any challenges.','/productdetail/1'),(4,'/images/carousel/carousel2.jpg','HYDRO X SERIES XD3 RGB','Now Available! Take your cooling system to the next level.','/productdetail/2'),(5,'/images/carousel/carousel3.jpg','Ryzen Threadripper','Productivity or gaming? why not both? Get yours now!','/productdetail/3'),(6,'/images/carousel/carousel4.jpg','RIG-UP YOUR PC!','Try out our newest rig builder simulation.','/productdetail/4');
/*!40000 ALTER TABLE `carousels` ENABLE KEYS */;
UNLOCK TABLES;

--
-- Table structure for table `categories`
--

DROP TABLE IF EXISTS `categories`;
/*!40101 SET @saved_cs_client     = @@character_set_client */;
/*!50503 SET character_set_client = utf8mb4 */;
CREATE TABLE `categories` (
  `id` int(11) NOT NULL AUTO_INCREMENT,
  `category` varchar(100) CHARACTER SET utf8mb4 COLLATE utf8mb4_general_ci NOT NULL,
  `parentId` int(11) DEFAULT NULL,
  `mainParentId` int(11) DEFAULT NULL,
  PRIMARY KEY (`id`),
  KEY `fk_types_types_idx` (`parentId`),
  CONSTRAINT `fk_c_c` FOREIGN KEY (`parentId`) REFERENCES `categories` (`id`)
) ENGINE=InnoDB AUTO_INCREMENT=69 DEFAULT CHARSET=latin1 COLLATE=latin1_bin;
/*!40101 SET character_set_client = @saved_cs_client */;

--
-- Dumping data for table `categories`
--

LOCK TABLES `categories` WRITE;
/*!40000 ALTER TABLE `categories` DISABLE KEYS */;
INSERT INTO `categories` VALUES (1,'Case',NULL,NULL),(2,'Processor',NULL,NULL),(3,'Motherboard',NULL,NULL),(4,'Memory',NULL,NULL),(5,'VGA',NULL,NULL),(6,'Storage',NULL,NULL),(7,'PSU',NULL,NULL),(8,'Monitor',NULL,NULL),(9,'Accessories',NULL,NULL),(13,'AMD Processors',2,2),(14,'INTEL Processors',2,2),(15,'Processor Socket sTRX4',13,2),(16,'Processor Socket TR4',13,2),(17,'Processor Socket AM4',13,2),(18,'Processor Socket LGA 2066',14,2),(19,'Processor Socket LGA 1151 V2',14,2),(20,'Processor Socket LGA 1151',14,2),(21,'AMD Motherboards',3,3),(22,'INTEL Motherboards',3,3),(23,'Motherboard Socket sTRX4',21,3),(24,'Motherboard Socket TR4',21,3),(25,'Motherboard Socket AM4',21,3),(26,'Motherboard Socket LGA 2066',22,3),(27,'Motherboard Socket LGA 1151 V2',22,3),(28,'Motherboard Socket LGA 1151',22,3),(29,'Motherboard Chipset TRX40',23,3),(30,'Motherboard Chipset X399',24,3),(31,'Motherboard Chipset X570',25,3),(32,'Motherboard Chipset X470',25,3),(33,'Motherboard Chipset X370',25,3),(34,'Motherboard Chipset B450',25,3),(35,'Motherboard Chipset B350',25,3),(36,'Motherboard Chipset X299',26,3),(37,'Motherboard Chipset Z390',27,3),(38,'Motherboard Chipset B365',27,3),(39,'Motherboard Chipset Z270',28,3),(40,'Motherboard Chipset B250',28,3),(41,'RAM DDR4 Single Channel',4,4),(42,'RAM DDR4 Dual Channel',4,4),(43,'AMD VGA',5,5),(44,'NVIDIA VGA',5,5),(45,'Hard Disk Drive',6,6),(46,'Solid State Drive',6,6),(47,'SATA3 3.5 Inch HDD',45,6),(48,'SATA3 2.5 Inch HDD',45,6),(49,'SATA3 2.5 Inch Form SSD',46,6),(50,'SATA3 M.2 SSD',46,6),(51,'NVME SSD',46,6),(52,'PSU 80 Plus Gold',7,7),(53,'PSU 80 Plus Silver',7,7),(54,'PSU 80 Plus Bronze',7,7),(56,'PSU 80 Plus',7,7),(57,'Mouse',9,9),(58,'Keyboard',9,9),(59,'CPU Fan',9,9),(60,'Case Fan',9,9),(61,'AIO Water Cooling',9,9),(62,'Full Tower Case (EATX/ATX)',1,1),(63,'Mid Tower Case (MATX)',1,1),(64,'Mini Case (Mini-ITX)',1,1),(65,'LED Monitor',8,8);
/*!40000 ALTER TABLE `categories` ENABLE KEYS */;
UNLOCK TABLES;

--
-- Temporary view structure for view `category_complete`
--

DROP TABLE IF EXISTS `category_complete`;
/*!50001 DROP VIEW IF EXISTS `category_complete`*/;
SET @saved_cs_client     = @@character_set_client;
/*!50503 SET character_set_client = utf8mb4 */;
/*!50001 CREATE VIEW `category_complete` AS SELECT 
 1 AS `id`,
 1 AS `category`,
 1 AS `parentId`,
 1 AS `parentCategory`,
 1 AS `mainParentId`,
 1 AS `mainParentCategory`*/;
SET character_set_client = @saved_cs_client;

--
-- Table structure for table `cities`
--

DROP TABLE IF EXISTS `cities`;
/*!40101 SET @saved_cs_client     = @@character_set_client */;
/*!50503 SET character_set_client = utf8mb4 */;
CREATE TABLE `cities` (
  `city_id` int(11) NOT NULL AUTO_INCREMENT,
  `province_id` int(11) NOT NULL,
  `province` varchar(30) NOT NULL,
  `type` varchar(9) NOT NULL,
  `city_name` varchar(41) NOT NULL,
  `postal_code` int(11) NOT NULL,
  PRIMARY KEY (`city_id`)
) ENGINE=InnoDB AUTO_INCREMENT=502 DEFAULT CHARSET=utf8mb4 COLLATE=utf8mb4_general_ci;
/*!40101 SET character_set_client = @saved_cs_client */;

--
-- Dumping data for table `cities`
--

LOCK TABLES `cities` WRITE;
/*!40000 ALTER TABLE `cities` DISABLE KEYS */;
INSERT INTO `cities` VALUES (1,21,'Nanggroe Aceh Darussalam (NAD)','Kabupaten','Aceh Barat',23681),(2,21,'Nanggroe Aceh Darussalam (NAD)','Kabupaten','Aceh Barat Daya',23764),(3,21,'Nanggroe Aceh Darussalam (NAD)','Kabupaten','Aceh Besar',23951),(4,21,'Nanggroe Aceh Darussalam (NAD)','Kabupaten','Aceh Jaya',23654),(5,21,'Nanggroe Aceh Darussalam (NAD)','Kabupaten','Aceh Selatan',23719),(6,21,'Nanggroe Aceh Darussalam (NAD)','Kabupaten','Aceh Singkil',24785),(7,21,'Nanggroe Aceh Darussalam (NAD)','Kabupaten','Aceh Tamiang',24476),(8,21,'Nanggroe Aceh Darussalam (NAD)','Kabupaten','Aceh Tengah',24511),(9,21,'Nanggroe Aceh Darussalam (NAD)','Kabupaten','Aceh Tenggara',24611),(10,21,'Nanggroe Aceh Darussalam (NAD)','Kabupaten','Aceh Timur',24454),(11,21,'Nanggroe Aceh Darussalam (NAD)','Kabupaten','Aceh Utara',24382),(12,32,'Sumatera Barat','Kabupaten','Agam',26411),(13,23,'Nusa Tenggara Timur (NTT)','Kabupaten','Alor',85811),(14,19,'Maluku','Kota','Ambon',97222),(15,34,'Sumatera Utara','Kabupaten','Asahan',21214),(16,24,'Papua','Kabupaten','Asmat',99777),(17,1,'Bali','Kabupaten','Badung',80351),(18,13,'Kalimantan Selatan','Kabupaten','Balangan',71611),(19,15,'Kalimantan Timur','Kota','Balikpapan',76111),(20,21,'Nanggroe Aceh Darussalam (NAD)','Kota','Banda Aceh',23238),(21,18,'Lampung','Kota','Bandar Lampung',35139),(22,9,'Jawa Barat','Kabupaten','Bandung',40311),(23,9,'Jawa Barat','Kota','Bandung',40111),(24,9,'Jawa Barat','Kabupaten','Bandung Barat',40721),(25,29,'Sulawesi Tengah','Kabupaten','Banggai',94711),(26,29,'Sulawesi Tengah','Kabupaten','Banggai Kepulauan',94881),(27,2,'Bangka Belitung','Kabupaten','Bangka',33212),(28,2,'Bangka Belitung','Kabupaten','Bangka Barat',33315),(29,2,'Bangka Belitung','Kabupaten','Bangka Selatan',33719),(30,2,'Bangka Belitung','Kabupaten','Bangka Tengah',33613),(31,11,'Jawa Timur','Kabupaten','Bangkalan',69118),(32,1,'Bali','Kabupaten','Bangli',80619),(33,13,'Kalimantan Selatan','Kabupaten','Banjar',70619),(34,9,'Jawa Barat','Kota','Banjar',46311),(35,13,'Kalimantan Selatan','Kota','Banjarbaru',70712),(36,13,'Kalimantan Selatan','Kota','Banjarmasin',70117),(37,10,'Jawa Tengah','Kabupaten','Banjarnegara',53419),(38,28,'Sulawesi Selatan','Kabupaten','Bantaeng',92411),(39,5,'DI Yogyakarta','Kabupaten','Bantul',55715),(40,33,'Sumatera Selatan','Kabupaten','Banyuasin',30911),(41,10,'Jawa Tengah','Kabupaten','Banyumas',53114),(42,11,'Jawa Timur','Kabupaten','Banyuwangi',68416),(43,13,'Kalimantan Selatan','Kabupaten','Barito Kuala',70511),(44,14,'Kalimantan Tengah','Kabupaten','Barito Selatan',73711),(45,14,'Kalimantan Tengah','Kabupaten','Barito Timur',73671),(46,14,'Kalimantan Tengah','Kabupaten','Barito Utara',73881),(47,28,'Sulawesi Selatan','Kabupaten','Barru',90719),(48,17,'Kepulauan Riau','Kota','Batam',29413),(49,10,'Jawa Tengah','Kabupaten','Batang',51211),(50,8,'Jambi','Kabupaten','Batang Hari',36613),(51,11,'Jawa Timur','Kota','Batu',65311),(52,34,'Sumatera Utara','Kabupaten','Batu Bara',21655),(53,30,'Sulawesi Tenggara','Kota','Bau-Bau',93719),(54,9,'Jawa Barat','Kabupaten','Bekasi',17837),(55,9,'Jawa Barat','Kota','Bekasi',17121),(56,2,'Bangka Belitung','Kabupaten','Belitung',33419),(57,2,'Bangka Belitung','Kabupaten','Belitung Timur',33519),(58,23,'Nusa Tenggara Timur (NTT)','Kabupaten','Belu',85711),(59,21,'Nanggroe Aceh Darussalam (NAD)','Kabupaten','Bener Meriah',24581),(60,26,'Riau','Kabupaten','Bengkalis',28719),(61,12,'Kalimantan Barat','Kabupaten','Bengkayang',79213),(62,4,'Bengkulu','Kota','Bengkulu',38229),(63,4,'Bengkulu','Kabupaten','Bengkulu Selatan',38519),(64,4,'Bengkulu','Kabupaten','Bengkulu Tengah',38319),(65,4,'Bengkulu','Kabupaten','Bengkulu Utara',38619),(66,15,'Kalimantan Timur','Kabupaten','Berau',77311),(67,24,'Papua','Kabupaten','Biak Numfor',98119),(68,22,'Nusa Tenggara Barat (NTB)','Kabupaten','Bima',84171),(69,22,'Nusa Tenggara Barat (NTB)','Kota','Bima',84139),(70,34,'Sumatera Utara','Kota','Binjai',20712),(71,17,'Kepulauan Riau','Kabupaten','Bintan',29135),(72,21,'Nanggroe Aceh Darussalam (NAD)','Kabupaten','Bireuen',24219),(73,31,'Sulawesi Utara','Kota','Bitung',95512),(74,11,'Jawa Timur','Kabupaten','Blitar',66171),(75,11,'Jawa Timur','Kota','Blitar',66124),(76,10,'Jawa Tengah','Kabupaten','Blora',58219),(77,7,'Gorontalo','Kabupaten','Boalemo',96319),(78,9,'Jawa Barat','Kabupaten','Bogor',16911),(79,9,'Jawa Barat','Kota','Bogor',16119),(80,11,'Jawa Timur','Kabupaten','Bojonegoro',62119),(81,31,'Sulawesi Utara','Kabupaten','Bolaang Mongondow (Bolmong)',95755),(82,31,'Sulawesi Utara','Kabupaten','Bolaang Mongondow Selatan',95774),(83,31,'Sulawesi Utara','Kabupaten','Bolaang Mongondow Timur',95783),(84,31,'Sulawesi Utara','Kabupaten','Bolaang Mongondow Utara',95765),(85,30,'Sulawesi Tenggara','Kabupaten','Bombana',93771),(86,11,'Jawa Timur','Kabupaten','Bondowoso',68219),(87,28,'Sulawesi Selatan','Kabupaten','Bone',92713),(88,7,'Gorontalo','Kabupaten','Bone Bolango',96511),(89,15,'Kalimantan Timur','Kota','Bontang',75313),(90,24,'Papua','Kabupaten','Boven Digoel',99662),(91,10,'Jawa Tengah','Kabupaten','Boyolali',57312),(92,10,'Jawa Tengah','Kabupaten','Brebes',52212),(93,32,'Sumatera Barat','Kota','Bukittinggi',26115),(94,1,'Bali','Kabupaten','Buleleng',81111),(95,28,'Sulawesi Selatan','Kabupaten','Bulukumba',92511),(96,16,'Kalimantan Utara','Kabupaten','Bulungan (Bulongan)',77211),(97,8,'Jambi','Kabupaten','Bungo',37216),(98,29,'Sulawesi Tengah','Kabupaten','Buol',94564),(99,19,'Maluku','Kabupaten','Buru',97371),(100,19,'Maluku','Kabupaten','Buru Selatan',97351),(101,30,'Sulawesi Tenggara','Kabupaten','Buton',93754),(102,30,'Sulawesi Tenggara','Kabupaten','Buton Utara',93745),(103,9,'Jawa Barat','Kabupaten','Ciamis',46211),(104,9,'Jawa Barat','Kabupaten','Cianjur',43217),(105,10,'Jawa Tengah','Kabupaten','Cilacap',53211),(106,3,'Banten','Kota','Cilegon',42417),(107,9,'Jawa Barat','Kota','Cimahi',40512),(108,9,'Jawa Barat','Kabupaten','Cirebon',45611),(109,9,'Jawa Barat','Kota','Cirebon',45116),(110,34,'Sumatera Utara','Kabupaten','Dairi',22211),(111,24,'Papua','Kabupaten','Deiyai (Deliyai)',98784),(112,34,'Sumatera Utara','Kabupaten','Deli Serdang',20511),(113,10,'Jawa Tengah','Kabupaten','Demak',59519),(114,1,'Bali','Kota','Denpasar',80227),(115,9,'Jawa Barat','Kota','Depok',16416),(116,32,'Sumatera Barat','Kabupaten','Dharmasraya',27612),(117,24,'Papua','Kabupaten','Dogiyai',98866),(118,22,'Nusa Tenggara Barat (NTB)','Kabupaten','Dompu',84217),(119,29,'Sulawesi Tengah','Kabupaten','Donggala',94341),(120,26,'Riau','Kota','Dumai',28811),(121,33,'Sumatera Selatan','Kabupaten','Empat Lawang',31811),(122,23,'Nusa Tenggara Timur (NTT)','Kabupaten','Ende',86351),(123,28,'Sulawesi Selatan','Kabupaten','Enrekang',91719),(124,25,'Papua Barat','Kabupaten','Fakfak',98651),(125,23,'Nusa Tenggara Timur (NTT)','Kabupaten','Flores Timur',86213),(126,9,'Jawa Barat','Kabupaten','Garut',44126),(127,21,'Nanggroe Aceh Darussalam (NAD)','Kabupaten','Gayo Lues',24653),(128,1,'Bali','Kabupaten','Gianyar',80519),(129,7,'Gorontalo','Kabupaten','Gorontalo',96218),(130,7,'Gorontalo','Kota','Gorontalo',96115),(131,7,'Gorontalo','Kabupaten','Gorontalo Utara',96611),(132,28,'Sulawesi Selatan','Kabupaten','Gowa',92111),(133,11,'Jawa Timur','Kabupaten','Gresik',61115),(134,10,'Jawa Tengah','Kabupaten','Grobogan',58111),(135,5,'DI Yogyakarta','Kabupaten','Gunung Kidul',55812),(136,14,'Kalimantan Tengah','Kabupaten','Gunung Mas',74511),(137,34,'Sumatera Utara','Kota','Gunungsitoli',22813),(138,20,'Maluku Utara','Kabupaten','Halmahera Barat',97757),(139,20,'Maluku Utara','Kabupaten','Halmahera Selatan',97911),(140,20,'Maluku Utara','Kabupaten','Halmahera Tengah',97853),(141,20,'Maluku Utara','Kabupaten','Halmahera Timur',97862),(142,20,'Maluku Utara','Kabupaten','Halmahera Utara',97762),(143,13,'Kalimantan Selatan','Kabupaten','Hulu Sungai Selatan',71212),(144,13,'Kalimantan Selatan','Kabupaten','Hulu Sungai Tengah',71313),(145,13,'Kalimantan Selatan','Kabupaten','Hulu Sungai Utara',71419),(146,34,'Sumatera Utara','Kabupaten','Humbang Hasundutan',22457),(147,26,'Riau','Kabupaten','Indragiri Hilir',29212),(148,26,'Riau','Kabupaten','Indragiri Hulu',29319),(149,9,'Jawa Barat','Kabupaten','Indramayu',45214),(150,24,'Papua','Kabupaten','Intan Jaya',98771),(151,6,'DKI Jakarta','Kota','Jakarta Barat',11220),(152,6,'DKI Jakarta','Kota','Jakarta Pusat',10540),(153,6,'DKI Jakarta','Kota','Jakarta Selatan',12230),(154,6,'DKI Jakarta','Kota','Jakarta Timur',13330),(155,6,'DKI Jakarta','Kota','Jakarta Utara',14140),(156,8,'Jambi','Kota','Jambi',36111),(157,24,'Papua','Kabupaten','Jayapura',99352),(158,24,'Papua','Kota','Jayapura',99114),(159,24,'Papua','Kabupaten','Jayawijaya',99511),(160,11,'Jawa Timur','Kabupaten','Jember',68113),(161,1,'Bali','Kabupaten','Jembrana',82251),(162,28,'Sulawesi Selatan','Kabupaten','Jeneponto',92319),(163,10,'Jawa Tengah','Kabupaten','Jepara',59419),(164,11,'Jawa Timur','Kabupaten','Jombang',61415),(165,25,'Papua Barat','Kabupaten','Kaimana',98671),(166,26,'Riau','Kabupaten','Kampar',28411),(167,14,'Kalimantan Tengah','Kabupaten','Kapuas',73583),(168,12,'Kalimantan Barat','Kabupaten','Kapuas Hulu',78719),(169,10,'Jawa Tengah','Kabupaten','Karanganyar',57718),(170,1,'Bali','Kabupaten','Karangasem',80819),(171,9,'Jawa Barat','Kabupaten','Karawang',41311),(172,17,'Kepulauan Riau','Kabupaten','Karimun',29611),(173,34,'Sumatera Utara','Kabupaten','Karo',22119),(174,14,'Kalimantan Tengah','Kabupaten','Katingan',74411),(175,4,'Bengkulu','Kabupaten','Kaur',38911),(176,12,'Kalimantan Barat','Kabupaten','Kayong Utara',78852),(177,10,'Jawa Tengah','Kabupaten','Kebumen',54319),(178,11,'Jawa Timur','Kabupaten','Kediri',64184),(179,11,'Jawa Timur','Kota','Kediri',64125),(180,24,'Papua','Kabupaten','Keerom',99461),(181,10,'Jawa Tengah','Kabupaten','Kendal',51314),(182,30,'Sulawesi Tenggara','Kota','Kendari',93126),(183,4,'Bengkulu','Kabupaten','Kepahiang',39319),(184,17,'Kepulauan Riau','Kabupaten','Kepulauan Anambas',29991),(185,19,'Maluku','Kabupaten','Kepulauan Aru',97681),(186,32,'Sumatera Barat','Kabupaten','Kepulauan Mentawai',25771),(187,26,'Riau','Kabupaten','Kepulauan Meranti',28791),(188,31,'Sulawesi Utara','Kabupaten','Kepulauan Sangihe',95819),(189,6,'DKI Jakarta','Kabupaten','Kepulauan Seribu',14550),(190,31,'Sulawesi Utara','Kabupaten','Kepulauan Siau Tagulandang Biaro (Sitaro)',95862),(191,20,'Maluku Utara','Kabupaten','Kepulauan Sula',97995),(192,31,'Sulawesi Utara','Kabupaten','Kepulauan Talaud',95885),(193,24,'Papua','Kabupaten','Kepulauan Yapen (Yapen Waropen)',98211),(194,8,'Jambi','Kabupaten','Kerinci',37167),(195,12,'Kalimantan Barat','Kabupaten','Ketapang',78874),(196,10,'Jawa Tengah','Kabupaten','Klaten',57411),(197,1,'Bali','Kabupaten','Klungkung',80719),(198,30,'Sulawesi Tenggara','Kabupaten','Kolaka',93511),(199,30,'Sulawesi Tenggara','Kabupaten','Kolaka Utara',93911),(200,30,'Sulawesi Tenggara','Kabupaten','Konawe',93411),(201,30,'Sulawesi Tenggara','Kabupaten','Konawe Selatan',93811),(202,30,'Sulawesi Tenggara','Kabupaten','Konawe Utara',93311),(203,13,'Kalimantan Selatan','Kabupaten','Kotabaru',72119),(204,31,'Sulawesi Utara','Kota','Kotamobagu',95711),(205,14,'Kalimantan Tengah','Kabupaten','Kotawaringin Barat',74119),(206,14,'Kalimantan Tengah','Kabupaten','Kotawaringin Timur',74364),(207,26,'Riau','Kabupaten','Kuantan Singingi',29519),(208,12,'Kalimantan Barat','Kabupaten','Kubu Raya',78311),(209,10,'Jawa Tengah','Kabupaten','Kudus',59311),(210,5,'DI Yogyakarta','Kabupaten','Kulon Progo',55611),(211,9,'Jawa Barat','Kabupaten','Kuningan',45511),(212,23,'Nusa Tenggara Timur (NTT)','Kabupaten','Kupang',85362),(213,23,'Nusa Tenggara Timur (NTT)','Kota','Kupang',85119),(214,15,'Kalimantan Timur','Kabupaten','Kutai Barat',75711),(215,15,'Kalimantan Timur','Kabupaten','Kutai Kartanegara',75511),(216,15,'Kalimantan Timur','Kabupaten','Kutai Timur',75611),(217,34,'Sumatera Utara','Kabupaten','Labuhan Batu',21412),(218,34,'Sumatera Utara','Kabupaten','Labuhan Batu Selatan',21511),(219,34,'Sumatera Utara','Kabupaten','Labuhan Batu Utara',21711),(220,33,'Sumatera Selatan','Kabupaten','Lahat',31419),(221,14,'Kalimantan Tengah','Kabupaten','Lamandau',74611),(222,11,'Jawa Timur','Kabupaten','Lamongan',64125),(223,18,'Lampung','Kabupaten','Lampung Barat',34814),(224,18,'Lampung','Kabupaten','Lampung Selatan',35511),(225,18,'Lampung','Kabupaten','Lampung Tengah',34212),(226,18,'Lampung','Kabupaten','Lampung Timur',34319),(227,18,'Lampung','Kabupaten','Lampung Utara',34516),(228,12,'Kalimantan Barat','Kabupaten','Landak',78319),(229,34,'Sumatera Utara','Kabupaten','Langkat',20811),(230,21,'Nanggroe Aceh Darussalam (NAD)','Kota','Langsa',24412),(231,24,'Papua','Kabupaten','Lanny Jaya',99531),(232,3,'Banten','Kabupaten','Lebak',42319),(233,4,'Bengkulu','Kabupaten','Lebong',39264),(234,23,'Nusa Tenggara Timur (NTT)','Kabupaten','Lembata',86611),(235,21,'Nanggroe Aceh Darussalam (NAD)','Kota','Lhokseumawe',24352),(236,32,'Sumatera Barat','Kabupaten','Lima Puluh Koto/Kota',26671),(237,17,'Kepulauan Riau','Kabupaten','Lingga',29811),(238,22,'Nusa Tenggara Barat (NTB)','Kabupaten','Lombok Barat',83311),(239,22,'Nusa Tenggara Barat (NTB)','Kabupaten','Lombok Tengah',83511),(240,22,'Nusa Tenggara Barat (NTB)','Kabupaten','Lombok Timur',83612),(241,22,'Nusa Tenggara Barat (NTB)','Kabupaten','Lombok Utara',83711),(242,33,'Sumatera Selatan','Kota','Lubuk Linggau',31614),(243,11,'Jawa Timur','Kabupaten','Lumajang',67319),(244,28,'Sulawesi Selatan','Kabupaten','Luwu',91994),(245,28,'Sulawesi Selatan','Kabupaten','Luwu Timur',92981),(246,28,'Sulawesi Selatan','Kabupaten','Luwu Utara',92911),(247,11,'Jawa Timur','Kabupaten','Madiun',63153),(248,11,'Jawa Timur','Kota','Madiun',63122),(249,10,'Jawa Tengah','Kabupaten','Magelang',56519),(250,10,'Jawa Tengah','Kota','Magelang',56133),(251,11,'Jawa Timur','Kabupaten','Magetan',63314),(252,9,'Jawa Barat','Kabupaten','Majalengka',45412),(253,27,'Sulawesi Barat','Kabupaten','Majene',91411),(254,28,'Sulawesi Selatan','Kota','Makassar',90111),(255,11,'Jawa Timur','Kabupaten','Malang',65163),(256,11,'Jawa Timur','Kota','Malang',65112),(257,16,'Kalimantan Utara','Kabupaten','Malinau',77511),(258,19,'Maluku','Kabupaten','Maluku Barat Daya',97451),(259,19,'Maluku','Kabupaten','Maluku Tengah',97513),(260,19,'Maluku','Kabupaten','Maluku Tenggara',97651),(261,19,'Maluku','Kabupaten','Maluku Tenggara Barat',97465),(262,27,'Sulawesi Barat','Kabupaten','Mamasa',91362),(263,24,'Papua','Kabupaten','Mamberamo Raya',99381),(264,24,'Papua','Kabupaten','Mamberamo Tengah',99553),(265,27,'Sulawesi Barat','Kabupaten','Mamuju',91519),(266,27,'Sulawesi Barat','Kabupaten','Mamuju Utara',91571),(267,31,'Sulawesi Utara','Kota','Manado',95247),(268,34,'Sumatera Utara','Kabupaten','Mandailing Natal',22916),(269,23,'Nusa Tenggara Timur (NTT)','Kabupaten','Manggarai',86551),(270,23,'Nusa Tenggara Timur (NTT)','Kabupaten','Manggarai Barat',86711),(271,23,'Nusa Tenggara Timur (NTT)','Kabupaten','Manggarai Timur',86811),(272,25,'Papua Barat','Kabupaten','Manokwari',98311),(273,25,'Papua Barat','Kabupaten','Manokwari Selatan',98355),(274,24,'Papua','Kabupaten','Mappi',99853),(275,28,'Sulawesi Selatan','Kabupaten','Maros',90511),(276,22,'Nusa Tenggara Barat (NTB)','Kota','Mataram',83131),(277,25,'Papua Barat','Kabupaten','Maybrat',98051),(278,34,'Sumatera Utara','Kota','Medan',20228),(279,12,'Kalimantan Barat','Kabupaten','Melawi',78619),(280,8,'Jambi','Kabupaten','Merangin',37319),(281,24,'Papua','Kabupaten','Merauke',99613),(282,18,'Lampung','Kabupaten','Mesuji',34911),(283,18,'Lampung','Kota','Metro',34111),(284,24,'Papua','Kabupaten','Mimika',99962),(285,31,'Sulawesi Utara','Kabupaten','Minahasa',95614),(286,31,'Sulawesi Utara','Kabupaten','Minahasa Selatan',95914),(287,31,'Sulawesi Utara','Kabupaten','Minahasa Tenggara',95995),(288,31,'Sulawesi Utara','Kabupaten','Minahasa Utara',95316),(289,11,'Jawa Timur','Kabupaten','Mojokerto',61382),(290,11,'Jawa Timur','Kota','Mojokerto',61316),(291,29,'Sulawesi Tengah','Kabupaten','Morowali',94911),(292,33,'Sumatera Selatan','Kabupaten','Muara Enim',31315),(293,8,'Jambi','Kabupaten','Muaro Jambi',36311),(294,4,'Bengkulu','Kabupaten','Muko Muko',38715),(295,30,'Sulawesi Tenggara','Kabupaten','Muna',93611),(296,14,'Kalimantan Tengah','Kabupaten','Murung Raya',73911),(297,33,'Sumatera Selatan','Kabupaten','Musi Banyuasin',30719),(298,33,'Sumatera Selatan','Kabupaten','Musi Rawas',31661),(299,24,'Papua','Kabupaten','Nabire',98816),(300,21,'Nanggroe Aceh Darussalam (NAD)','Kabupaten','Nagan Raya',23674),(301,23,'Nusa Tenggara Timur (NTT)','Kabupaten','Nagekeo',86911),(302,17,'Kepulauan Riau','Kabupaten','Natuna',29711),(303,24,'Papua','Kabupaten','Nduga',99541),(304,23,'Nusa Tenggara Timur (NTT)','Kabupaten','Ngada',86413),(305,11,'Jawa Timur','Kabupaten','Nganjuk',64414),(306,11,'Jawa Timur','Kabupaten','Ngawi',63219),(307,34,'Sumatera Utara','Kabupaten','Nias',22876),(308,34,'Sumatera Utara','Kabupaten','Nias Barat',22895),(309,34,'Sumatera Utara','Kabupaten','Nias Selatan',22865),(310,34,'Sumatera Utara','Kabupaten','Nias Utara',22856),(311,16,'Kalimantan Utara','Kabupaten','Nunukan',77421),(312,33,'Sumatera Selatan','Kabupaten','Ogan Ilir',30811),(313,33,'Sumatera Selatan','Kabupaten','Ogan Komering Ilir',30618),(314,33,'Sumatera Selatan','Kabupaten','Ogan Komering Ulu',32112),(315,33,'Sumatera Selatan','Kabupaten','Ogan Komering Ulu Selatan',32211),(316,33,'Sumatera Selatan','Kabupaten','Ogan Komering Ulu Timur',32312),(317,11,'Jawa Timur','Kabupaten','Pacitan',63512),(318,32,'Sumatera Barat','Kota','Padang',25112),(319,34,'Sumatera Utara','Kabupaten','Padang Lawas',22763),(320,34,'Sumatera Utara','Kabupaten','Padang Lawas Utara',22753),(321,32,'Sumatera Barat','Kota','Padang Panjang',27122),(322,32,'Sumatera Barat','Kabupaten','Padang Pariaman',25583),(323,34,'Sumatera Utara','Kota','Padang Sidempuan',22727),(324,33,'Sumatera Selatan','Kota','Pagar Alam',31512),(325,34,'Sumatera Utara','Kabupaten','Pakpak Bharat',22272),(326,14,'Kalimantan Tengah','Kota','Palangka Raya',73112),(327,33,'Sumatera Selatan','Kota','Palembang',30111),(328,28,'Sulawesi Selatan','Kota','Palopo',91911),(329,29,'Sulawesi Tengah','Kota','Palu',94111),(330,11,'Jawa Timur','Kabupaten','Pamekasan',69319),(331,3,'Banten','Kabupaten','Pandeglang',42212),(332,9,'Jawa Barat','Kabupaten','Pangandaran',46511),(333,28,'Sulawesi Selatan','Kabupaten','Pangkajene Kepulauan',90611),(334,2,'Bangka Belitung','Kota','Pangkal Pinang',33115),(335,24,'Papua','Kabupaten','Paniai',98765),(336,28,'Sulawesi Selatan','Kota','Parepare',91123),(337,32,'Sumatera Barat','Kota','Pariaman',25511),(338,29,'Sulawesi Tengah','Kabupaten','Parigi Moutong',94411),(339,32,'Sumatera Barat','Kabupaten','Pasaman',26318),(340,32,'Sumatera Barat','Kabupaten','Pasaman Barat',26511),(341,15,'Kalimantan Timur','Kabupaten','Paser',76211),(342,11,'Jawa Timur','Kabupaten','Pasuruan',67153),(343,11,'Jawa Timur','Kota','Pasuruan',67118),(344,10,'Jawa Tengah','Kabupaten','Pati',59114),(345,32,'Sumatera Barat','Kota','Payakumbuh',26213),(346,25,'Papua Barat','Kabupaten','Pegunungan Arfak',98354),(347,24,'Papua','Kabupaten','Pegunungan Bintang',99573),(348,10,'Jawa Tengah','Kabupaten','Pekalongan',51161),(349,10,'Jawa Tengah','Kota','Pekalongan',51122),(350,26,'Riau','Kota','Pekanbaru',28112),(351,26,'Riau','Kabupaten','Pelalawan',28311),(352,10,'Jawa Tengah','Kabupaten','Pemalang',52319),(353,34,'Sumatera Utara','Kota','Pematang Siantar',21126),(354,15,'Kalimantan Timur','Kabupaten','Penajam Paser Utara',76311),(355,18,'Lampung','Kabupaten','Pesawaran',35312),(356,18,'Lampung','Kabupaten','Pesisir Barat',35974),(357,32,'Sumatera Barat','Kabupaten','Pesisir Selatan',25611),(358,21,'Nanggroe Aceh Darussalam (NAD)','Kabupaten','Pidie',24116),(359,21,'Nanggroe Aceh Darussalam (NAD)','Kabupaten','Pidie Jaya',24186),(360,28,'Sulawesi Selatan','Kabupaten','Pinrang',91251),(361,7,'Gorontalo','Kabupaten','Pohuwato',96419),(362,27,'Sulawesi Barat','Kabupaten','Polewali Mandar',91311),(363,11,'Jawa Timur','Kabupaten','Ponorogo',63411),(364,12,'Kalimantan Barat','Kabupaten','Pontianak',78971),(365,12,'Kalimantan Barat','Kota','Pontianak',78112),(366,29,'Sulawesi Tengah','Kabupaten','Poso',94615),(367,33,'Sumatera Selatan','Kota','Prabumulih',31121),(368,18,'Lampung','Kabupaten','Pringsewu',35719),(369,11,'Jawa Timur','Kabupaten','Probolinggo',67282),(370,11,'Jawa Timur','Kota','Probolinggo',67215),(371,14,'Kalimantan Tengah','Kabupaten','Pulang Pisau',74811),(372,20,'Maluku Utara','Kabupaten','Pulau Morotai',97771),(373,24,'Papua','Kabupaten','Puncak',98981),(374,24,'Papua','Kabupaten','Puncak Jaya',98979),(375,10,'Jawa Tengah','Kabupaten','Purbalingga',53312),(376,9,'Jawa Barat','Kabupaten','Purwakarta',41119),(377,10,'Jawa Tengah','Kabupaten','Purworejo',54111),(378,25,'Papua Barat','Kabupaten','Raja Ampat',98489),(379,4,'Bengkulu','Kabupaten','Rejang Lebong',39112),(380,10,'Jawa Tengah','Kabupaten','Rembang',59219),(381,26,'Riau','Kabupaten','Rokan Hilir',28992),(382,26,'Riau','Kabupaten','Rokan Hulu',28511),(383,23,'Nusa Tenggara Timur (NTT)','Kabupaten','Rote Ndao',85982),(384,21,'Nanggroe Aceh Darussalam (NAD)','Kota','Sabang',23512),(385,23,'Nusa Tenggara Timur (NTT)','Kabupaten','Sabu Raijua',85391),(386,10,'Jawa Tengah','Kota','Salatiga',50711),(387,15,'Kalimantan Timur','Kota','Samarinda',75133),(388,12,'Kalimantan Barat','Kabupaten','Sambas',79453),(389,34,'Sumatera Utara','Kabupaten','Samosir',22392),(390,11,'Jawa Timur','Kabupaten','Sampang',69219),(391,12,'Kalimantan Barat','Kabupaten','Sanggau',78557),(392,24,'Papua','Kabupaten','Sarmi',99373),(393,8,'Jambi','Kabupaten','Sarolangun',37419),(394,32,'Sumatera Barat','Kota','Sawah Lunto',27416),(395,12,'Kalimantan Barat','Kabupaten','Sekadau',79583),(396,28,'Sulawesi Selatan','Kabupaten','Selayar (Kepulauan Selayar)',92812),(397,4,'Bengkulu','Kabupaten','Seluma',38811),(398,10,'Jawa Tengah','Kabupaten','Semarang',50511),(399,10,'Jawa Tengah','Kota','Semarang',50135),(400,19,'Maluku','Kabupaten','Seram Bagian Barat',97561),(401,19,'Maluku','Kabupaten','Seram Bagian Timur',97581),(402,3,'Banten','Kabupaten','Serang',42182),(403,3,'Banten','Kota','Serang',42111),(404,34,'Sumatera Utara','Kabupaten','Serdang Bedagai',20915),(405,14,'Kalimantan Tengah','Kabupaten','Seruyan',74211),(406,26,'Riau','Kabupaten','Siak',28623),(407,34,'Sumatera Utara','Kota','Sibolga',22522),(408,28,'Sulawesi Selatan','Kabupaten','Sidenreng Rappang/Rapang',91613),(409,11,'Jawa Timur','Kabupaten','Sidoarjo',61219),(410,29,'Sulawesi Tengah','Kabupaten','Sigi',94364),(411,32,'Sumatera Barat','Kabupaten','Sijunjung (Sawah Lunto Sijunjung)',27511),(412,23,'Nusa Tenggara Timur (NTT)','Kabupaten','Sikka',86121),(413,34,'Sumatera Utara','Kabupaten','Simalungun',21162),(414,21,'Nanggroe Aceh Darussalam (NAD)','Kabupaten','Simeulue',23891),(415,12,'Kalimantan Barat','Kota','Singkawang',79117),(416,28,'Sulawesi Selatan','Kabupaten','Sinjai',92615),(417,12,'Kalimantan Barat','Kabupaten','Sintang',78619),(418,11,'Jawa Timur','Kabupaten','Situbondo',68316),(419,5,'DI Yogyakarta','Kabupaten','Sleman',55513),(420,32,'Sumatera Barat','Kabupaten','Solok',27365),(421,32,'Sumatera Barat','Kota','Solok',27315),(422,32,'Sumatera Barat','Kabupaten','Solok Selatan',27779),(423,28,'Sulawesi Selatan','Kabupaten','Soppeng',90812),(424,25,'Papua Barat','Kabupaten','Sorong',98431),(425,25,'Papua Barat','Kota','Sorong',98411),(426,25,'Papua Barat','Kabupaten','Sorong Selatan',98454),(427,10,'Jawa Tengah','Kabupaten','Sragen',57211),(428,9,'Jawa Barat','Kabupaten','Subang',41215),(429,21,'Nanggroe Aceh Darussalam (NAD)','Kota','Subulussalam',24882),(430,9,'Jawa Barat','Kabupaten','Sukabumi',43311),(431,9,'Jawa Barat','Kota','Sukabumi',43114),(432,14,'Kalimantan Tengah','Kabupaten','Sukamara',74712),(433,10,'Jawa Tengah','Kabupaten','Sukoharjo',57514),(434,23,'Nusa Tenggara Timur (NTT)','Kabupaten','Sumba Barat',87219),(435,23,'Nusa Tenggara Timur (NTT)','Kabupaten','Sumba Barat Daya',87453),(436,23,'Nusa Tenggara Timur (NTT)','Kabupaten','Sumba Tengah',87358),(437,23,'Nusa Tenggara Timur (NTT)','Kabupaten','Sumba Timur',87112),(438,22,'Nusa Tenggara Barat (NTB)','Kabupaten','Sumbawa',84315),(439,22,'Nusa Tenggara Barat (NTB)','Kabupaten','Sumbawa Barat',84419),(440,9,'Jawa Barat','Kabupaten','Sumedang',45326),(441,11,'Jawa Timur','Kabupaten','Sumenep',69413),(442,8,'Jambi','Kota','Sungaipenuh',37113),(443,24,'Papua','Kabupaten','Supiori',98164),(444,11,'Jawa Timur','Kota','Surabaya',60119),(445,10,'Jawa Tengah','Kota','Surakarta (Solo)',57113),(446,13,'Kalimantan Selatan','Kabupaten','Tabalong',71513),(447,1,'Bali','Kabupaten','Tabanan',82119),(448,28,'Sulawesi Selatan','Kabupaten','Takalar',92212),(449,25,'Papua Barat','Kabupaten','Tambrauw',98475),(450,16,'Kalimantan Utara','Kabupaten','Tana Tidung',77611),(451,28,'Sulawesi Selatan','Kabupaten','Tana Toraja',91819),(452,13,'Kalimantan Selatan','Kabupaten','Tanah Bumbu',72211),(453,32,'Sumatera Barat','Kabupaten','Tanah Datar',27211),(454,13,'Kalimantan Selatan','Kabupaten','Tanah Laut',70811),(455,3,'Banten','Kabupaten','Tangerang',15914),(456,3,'Banten','Kota','Tangerang',15111),(457,3,'Banten','Kota','Tangerang Selatan',15332),(458,18,'Lampung','Kabupaten','Tanggamus',35619),(459,34,'Sumatera Utara','Kota','Tanjung Balai',21321),(460,8,'Jambi','Kabupaten','Tanjung Jabung Barat',36513),(461,8,'Jambi','Kabupaten','Tanjung Jabung Timur',36719),(462,17,'Kepulauan Riau','Kota','Tanjung Pinang',29111),(463,34,'Sumatera Utara','Kabupaten','Tapanuli Selatan',22742),(464,34,'Sumatera Utara','Kabupaten','Tapanuli Tengah',22611),(465,34,'Sumatera Utara','Kabupaten','Tapanuli Utara',22414),(466,13,'Kalimantan Selatan','Kabupaten','Tapin',71119),(467,16,'Kalimantan Utara','Kota','Tarakan',77114),(468,9,'Jawa Barat','Kabupaten','Tasikmalaya',46411),(469,9,'Jawa Barat','Kota','Tasikmalaya',46116),(470,34,'Sumatera Utara','Kota','Tebing Tinggi',20632),(471,8,'Jambi','Kabupaten','Tebo',37519),(472,10,'Jawa Tengah','Kabupaten','Tegal',52419),(473,10,'Jawa Tengah','Kota','Tegal',52114),(474,25,'Papua Barat','Kabupaten','Teluk Bintuni',98551),(475,25,'Papua Barat','Kabupaten','Teluk Wondama',98591),(476,10,'Jawa Tengah','Kabupaten','Temanggung',56212),(477,20,'Maluku Utara','Kota','Ternate',97714),(478,20,'Maluku Utara','Kota','Tidore Kepulauan',97815),(479,23,'Nusa Tenggara Timur (NTT)','Kabupaten','Timor Tengah Selatan',85562),(480,23,'Nusa Tenggara Timur (NTT)','Kabupaten','Timor Tengah Utara',85612),(481,34,'Sumatera Utara','Kabupaten','Toba Samosir',22316),(482,29,'Sulawesi Tengah','Kabupaten','Tojo Una-Una',94683),(483,29,'Sulawesi Tengah','Kabupaten','Toli-Toli',94542),(484,24,'Papua','Kabupaten','Tolikara',99411),(485,31,'Sulawesi Utara','Kota','Tomohon',95416),(486,28,'Sulawesi Selatan','Kabupaten','Toraja Utara',91831),(487,11,'Jawa Timur','Kabupaten','Trenggalek',66312),(488,19,'Maluku','Kota','Tual',97612),(489,11,'Jawa Timur','Kabupaten','Tuban',62319),(490,18,'Lampung','Kabupaten','Tulang Bawang',34613),(491,18,'Lampung','Kabupaten','Tulang Bawang Barat',34419),(492,11,'Jawa Timur','Kabupaten','Tulungagung',66212),(493,28,'Sulawesi Selatan','Kabupaten','Wajo',90911),(494,30,'Sulawesi Tenggara','Kabupaten','Wakatobi',93791),(495,24,'Papua','Kabupaten','Waropen',98269),(496,18,'Lampung','Kabupaten','Way Kanan',34711),(497,10,'Jawa Tengah','Kabupaten','Wonogiri',57619),(498,10,'Jawa Tengah','Kabupaten','Wonosobo',56311),(499,24,'Papua','Kabupaten','Yahukimo',99041),(500,24,'Papua','Kabupaten','Yalimo',99481),(501,5,'DI Yogyakarta','Kota','Yogyakarta',55111);
/*!40000 ALTER TABLE `cities` ENABLE KEYS */;
UNLOCK TABLES;

--
-- Table structure for table `product_cats`
--

DROP TABLE IF EXISTS `product_cats`;
/*!40101 SET @saved_cs_client     = @@character_set_client */;
/*!50503 SET character_set_client = utf8mb4 */;
CREATE TABLE `product_cats` (
  `id` int(11) NOT NULL AUTO_INCREMENT,
  `productId` int(11) NOT NULL,
  `categoryId` int(11) NOT NULL,
  PRIMARY KEY (`id`)
) ENGINE=InnoDB AUTO_INCREMENT=377 DEFAULT CHARSET=latin1 COLLATE=latin1_bin;
/*!40101 SET character_set_client = @saved_cs_client */;

--
-- Dumping data for table `product_cats`
--

LOCK TABLES `product_cats` WRITE;
/*!40000 ALTER TABLE `product_cats` DISABLE KEYS */;
INSERT INTO `product_cats` VALUES (1,7,62),(2,7,1),(3,10,63),(4,10,1),(5,9,63),(6,9,1),(7,8,62),(8,8,1),(9,5,64),(10,5,1),(11,64,20),(12,64,14),(13,64,2),(14,63,20),(15,63,14),(16,63,2),(17,62,20),(18,62,14),(19,62,2),(20,61,20),(21,61,14),(22,61,2),(23,60,20),(24,60,14),(25,60,2),(26,59,19),(27,59,14),(28,59,2),(29,58,19),(30,58,14),(31,58,2),(32,57,19),(33,57,14),(34,57,2),(35,56,19),(36,56,14),(37,56,2),(38,55,19),(39,55,14),(40,55,2),(41,54,19),(42,54,14),(43,54,2),(44,52,19),(45,52,14),(46,52,2),(47,51,19),(48,51,14),(49,51,2),(50,48,19),(51,48,14),(52,48,2),(53,44,19),(54,44,14),(55,44,2),(56,43,19),(57,43,14),(58,43,2),(59,40,19),(60,40,14),(61,40,2),(62,39,19),(63,39,14),(64,39,2),(65,38,19),(66,38,14),(67,38,2),(68,37,19),(69,37,14),(70,37,2),(71,36,18),(72,36,14),(73,36,2),(74,35,18),(75,35,14),(76,35,2),(77,34,18),(78,34,14),(79,34,2),(80,31,17),(81,31,13),(82,31,2),(83,30,17),(84,30,13),(85,30,2),(86,28,17),(87,28,13),(88,28,2),(89,29,17),(90,29,13),(91,29,2),(92,26,17),(93,26,13),(94,26,2),(95,25,17),(96,25,13),(97,25,2),(98,24,17),(99,24,13),(100,24,2),(101,23,17),(102,23,13),(103,23,2),(104,22,17),(105,22,13),(106,22,2),(107,21,17),(108,21,13),(109,21,2),(110,20,17),(111,20,13),(112,20,2),(113,18,17),(114,18,13),(115,18,2),(116,17,17),(117,17,13),(118,17,2),(119,14,16),(120,14,13),(121,14,2),(122,13,15),(123,13,13),(124,13,2),(125,12,15),(126,12,13),(127,12,2),(128,11,15),(129,11,13),(130,11,2),(131,152,36),(132,152,26),(133,152,22),(134,152,3),(135,151,37),(136,151,27),(137,151,22),(138,151,3),(139,150,38),(140,150,27),(141,150,22),(142,150,3),(143,149,39),(144,149,28),(145,149,22),(146,149,3),(147,148,40),(148,148,28),(149,148,22),(150,148,3),(151,75,30),(152,75,24),(153,75,21),(154,75,3),(155,74,30),(156,74,24),(157,74,21),(158,74,3),(159,73,30),(160,73,24),(161,73,21),(162,73,3),(163,72,30),(164,72,24),(165,72,21),(166,72,3),(167,71,30),(168,71,24),(169,71,21),(170,71,3),(171,70,30),(172,70,24),(173,70,21),(174,70,3),(175,69,30),(176,69,24),(177,69,21),(178,69,3),(179,68,30),(180,68,24),(181,68,21),(182,68,3),(183,67,29),(184,67,23),(185,67,21),(186,67,3),(187,66,29),(188,66,23),(189,66,21),(190,66,3),(191,65,29),(192,65,23),(193,65,21),(194,65,3),(195,153,35),(196,153,25),(197,153,21),(198,153,3),(199,154,34),(200,154,25),(201,154,21),(202,154,3),(203,155,34),(204,155,25),(205,155,21),(206,155,3),(207,157,34),(208,157,25),(209,157,21),(210,157,3),(211,156,34),(212,156,25),(213,156,21),(214,156,3),(215,158,33),(216,158,25),(217,158,21),(218,158,3),(219,159,32),(220,159,25),(221,159,21),(222,159,3),(223,160,31),(224,160,25),(225,160,21),(226,160,3),(227,161,31),(228,161,25),(229,161,21),(230,161,3),(231,162,38),(232,162,27),(233,162,22),(234,162,3),(235,163,37),(236,163,27),(237,163,22),(238,163,3),(239,78,41),(240,78,4),(241,79,42),(242,79,4),(243,77,41),(244,77,4),(245,76,42),(246,76,4),(247,164,42),(248,164,4),(249,165,42),(250,165,4),(251,166,42),(252,166,4),(253,167,41),(254,167,4),(255,168,42),(256,168,4),(257,169,42),(258,169,4),(259,170,41),(260,170,4),(261,171,42),(262,171,4),(263,172,42),(264,172,4),(265,173,41),(266,173,4),(267,82,44),(268,82,5),(269,81,43),(270,81,5),(271,80,43),(272,80,5),(273,83,43),(274,83,5),(275,84,44),(276,84,5),(277,85,44),(278,85,5),(279,174,44),(280,174,5),(281,175,44),(282,175,5),(283,176,43),(284,176,5),(285,86,47),(286,86,45),(287,86,6),(288,87,47),(289,87,45),(290,87,6),(291,88,48),(292,88,45),(293,88,6),(294,89,49),(295,89,46),(296,89,6),(297,90,50),(298,90,46),(299,90,6),(300,91,51),(301,91,46),(302,91,6),(303,92,51),(304,92,46),(305,92,6),(306,93,50),(307,93,46),(308,93,6),(309,94,52),(310,94,7),(311,96,54),(312,96,7),(313,95,53),(314,95,7),(315,99,54),(316,99,7),(317,97,56),(318,97,7),(319,177,54),(320,177,7),(321,100,65),(322,100,8),(323,101,65),(324,101,8),(325,102,65),(326,102,8),(327,103,65),(328,103,8),(329,178,65),(330,178,8),(331,179,65),(332,179,8),(333,180,65),(334,180,8),(335,107,60),(336,107,9),(337,106,59),(338,106,9),(339,145,61),(340,145,9),(341,108,61),(342,108,9),(343,181,59),(344,181,9),(345,182,61),(346,182,9),(347,104,57),(348,104,9),(349,105,58),(350,105,9),(351,183,58),(352,183,9),(353,184,57),(354,184,9),(355,6,64),(356,6,1),(357,4,63),(358,4,1),(359,3,63),(360,3,1),(361,2,62),(362,2,1),(363,1,62),(364,1,1),(373,185,40),(374,185,28),(375,185,22),(376,185,3);
/*!40000 ALTER TABLE `product_cats` ENABLE KEYS */;
UNLOCK TABLES;

--
-- Temporary view structure for view `product_cats_complete`
--

DROP TABLE IF EXISTS `product_cats_complete`;
/*!50001 DROP VIEW IF EXISTS `product_cats_complete`*/;
SET @saved_cs_client     = @@character_set_client;
/*!50503 SET character_set_client = utf8mb4 */;
/*!50001 CREATE VIEW `product_cats_complete` AS SELECT 
 1 AS `productId`,
 1 AS `categoryId`,
 1 AS `category`*/;
SET character_set_client = @saved_cs_client;

--
-- Temporary view structure for view `product_complete`
--

DROP TABLE IF EXISTS `product_complete`;
/*!50001 DROP VIEW IF EXISTS `product_complete`*/;
SET @saved_cs_client     = @@character_set_client;
/*!50503 SET character_set_client = utf8mb4 */;
/*!50001 CREATE VIEW `product_complete` AS SELECT 
 1 AS `id`,
 1 AS `brandId`,
 1 AS `brand`,
 1 AS `name`,
 1 AS `description`,
 1 AS `weight`,
 1 AS `wattage`,
 1 AS `price`,
 1 AS `stock`,
 1 AS `image`,
 1 AS `categoryId`,
 1 AS `category`,
 1 AS `mainParentId`*/;
SET character_set_client = @saved_cs_client;

--
-- Table structure for table `product_images`
--

DROP TABLE IF EXISTS `product_images`;
/*!40101 SET @saved_cs_client     = @@character_set_client */;
/*!50503 SET character_set_client = utf8mb4 */;
CREATE TABLE `product_images` (
  `id` int(11) NOT NULL AUTO_INCREMENT,
  `productId` int(11) NOT NULL,
  `image` varchar(200) NOT NULL,
  PRIMARY KEY (`id`)
) ENGINE=InnoDB AUTO_INCREMENT=292 DEFAULT CHARSET=latin1;
/*!40101 SET character_set_client = @saved_cs_client */;

--
-- Dumping data for table `product_images`
--

LOCK TABLES `product_images` WRITE;
/*!40000 ALTER TABLE `product_images` DISABLE KEYS */;
INSERT INTO `product_images` VALUES (52,7,'/images/products/IMG1583816456724.png'),(53,7,'/images/products/IMG1583816456781.png'),(54,7,'/images/products/IMG1583816456785.png'),(55,7,'/images/products/IMG1583816456803.jpg'),(57,10,'/images/products/IMG1584743742029.png'),(58,10,'/images/products/IMG1584743742052.png'),(59,10,'/images/products/IMG1584743742087.png'),(60,10,'/images/products/IMG1584743751407.png'),(61,9,'/images/products/IMG1584744019743.png'),(62,9,'/images/products/IMG1584744019759.png'),(63,9,'/images/products/IMG1584744019766.png'),(64,9,'/images/products/IMG1584744019781.png'),(65,8,'/images/products/IMG1584744571348.png'),(66,8,'/images/products/IMG1584744571367.jpg'),(67,5,'/images/products/IMG1584745096353.png'),(68,5,'/images/products/IMG1584745096366.jpg'),(69,5,'/images/products/IMG1584745096374.jpg'),(70,5,'/images/products/IMG1584745096382.jpg'),(72,64,'/images/products/IMG1584746933856.jpg'),(73,63,'/images/products/IMG1584747079879.jpg'),(74,62,'/images/products/IMG1584747358981.jpg'),(75,61,'/images/products/IMG1584747524924.jpg'),(76,60,'/images/products/IMG1584747640694.jpg'),(77,59,'/images/products/IMG1584747816484.jpg'),(78,58,'/images/products/IMG1584747914674.png'),(79,57,'/images/products/IMG1584748015142.jpg'),(80,56,'/images/products/IMG1584748166881.jpg'),(82,55,'/images/products/IMG1584748544962.jpg'),(83,54,'/images/products/IMG1584748682670.jpg'),(84,52,'/images/products/IMG1584748799851.jpg'),(85,51,'/images/products/IMG1584748979555.jpg'),(86,48,'/images/products/IMG1584749116093.jpg'),(87,44,'/images/products/IMG1584749195897.jpg'),(88,43,'/images/products/IMG1584749343518.jpg'),(89,40,'/images/products/IMG1584749396756.jpg'),(90,39,'/images/products/IMG1584749458578.jpg'),(91,38,'/images/products/IMG1584749529339.jpg'),(92,37,'/images/products/IMG1584749617827.jpg'),(93,36,'/images/products/IMG1584749749573.jpg'),(94,35,'/images/products/IMG1584749849212.jpg'),(95,34,'/images/products/IMG1584749961600.jpg'),(96,31,'/images/products/IMG1584750065446.jpg'),(97,30,'/images/products/IMG1584750133794.jpg'),(98,29,'/images/products/IMG1584750218820.jpg'),(99,28,'/images/products/IMG1584750305049.jpg'),(100,26,'/images/products/IMG1584750410471.jpg'),(101,25,'/images/products/IMG1584750488328.jpg'),(102,24,'/images/products/IMG1584750553817.jpg'),(103,23,'/images/products/IMG1584750661393.jpg'),(104,22,'/images/products/IMG1584750735259.png'),(105,21,'/images/products/IMG1584750824949.png'),(106,20,'/images/products/IMG1584750920651.jpg'),(107,18,'/images/products/IMG1584750999182.jpg'),(108,17,'/images/products/IMG1584751070088.jpg'),(109,14,'/images/products/IMG1584751244225.jpg'),(110,13,'/images/products/IMG1584751348855.jpg'),(111,12,'/images/products/IMG1584751458803.jpg'),(112,11,'/images/products/IMG1584751566613.jpg'),(113,75,'/images/products/IMG1584751767018.png'),(114,75,'/images/products/IMG1584751767030.png'),(115,75,'/images/products/IMG1584751767047.png'),(119,74,'/images/products/IMG1584751895929.png'),(120,74,'/images/products/IMG1584751895943.png'),(121,74,'/images/products/IMG1584751895955.png'),(122,73,'/images/products/IMG1584752255361.jpg'),(123,73,'/images/products/IMG1584752255372.jpg'),(124,73,'/images/products/IMG1584752255387.jpg'),(125,72,'/images/products/IMG1584752524503.jpg'),(126,72,'/images/products/IMG1584752524519.jpg'),(127,71,'/images/products/IMG1584752658128.png'),(128,70,'/images/products/IMG1584752733820.jpg'),(129,69,'/images/products/IMG1584752827287.png'),(130,69,'/images/products/IMG1584752827304.png'),(131,68,'/images/products/IMG1584752999559.png'),(132,68,'/images/products/IMG1584752999573.png'),(133,68,'/images/products/IMG1584752999589.png'),(134,68,'/images/products/IMG1584752999599.png'),(135,67,'/images/products/IMG1584753144476.png'),(136,67,'/images/products/IMG1584753144491.png'),(137,66,'/images/products/IMG1584753247878.jpg'),(138,66,'/images/products/IMG1584753247886.jpg'),(139,66,'/images/products/IMG1584753247896.jpg'),(140,65,'/images/products/IMG1584753400073.jpg'),(141,65,'/images/products/IMG1584753407151.jpg'),(142,148,'/images/products/IMG1584753721554.png'),(143,148,'/images/products/IMG1584753746840.png'),(144,148,'/images/products/IMG1584753746855.png'),(145,149,'/images/products/IMG1584753965063.png'),(146,149,'/images/products/IMG1584753974831.png'),(147,150,'/images/products/IMG1584754127995.png'),(148,150,'/images/products/IMG1584754139534.png'),(149,151,'/images/products/IMG1584756453759.png'),(150,152,'/images/products/IMG1584756758662.jpg'),(151,152,'/images/products/IMG1584756758673.jpg'),(152,153,'/images/products/IMG1584757505762.jpg'),(153,154,'/images/products/IMG1584757658532.png'),(154,154,'/images/products/IMG1584757658555.png'),(155,155,'/images/products/IMG1584757824549.png'),(156,156,'/images/products/IMG1584757971395.jpg'),(157,156,'/images/products/IMG1584757971406.jpg'),(158,157,'/images/products/IMG1584758236758.png'),(159,157,'/images/products/IMG1584758236775.png'),(160,158,'/images/products/IMG1584758414924.png'),(161,158,'/images/products/IMG1584758414934.png'),(162,159,'/images/products/IMG1584758548671.jpg'),(163,159,'/images/products/IMG1584758557056.jpeg'),(164,160,'/images/products/IMG1584758674063.jpg'),(165,161,'/images/products/IMG1584758762051.png'),(166,161,'/images/products/IMG1584758770743.png'),(167,162,'/images/products/IMG1584759053884.jpg'),(168,162,'/images/products/IMG1584759053899.png'),(169,163,'/images/products/IMG1584759317712.png'),(170,163,'/images/products/IMG1584759325729.png'),(171,79,'/images/products/IMG1584759619096.jpg'),(172,78,'/images/products/IMG1584764249338.png'),(173,77,'/images/products/IMG1584764354561.png'),(174,76,'/images/products/IMG1584764458745.jpg'),(175,164,'/images/products/IMG1584764592975.png'),(176,165,'/images/products/IMG1584764697951.jpg'),(177,166,'/images/products/IMG1584764850417.jpg'),(178,167,'/images/products/IMG1584764941525.png'),(179,168,'/images/products/IMG1584765041064.jpg'),(180,169,'/images/products/IMG1584765192879.jpg'),(181,170,'/images/products/IMG1584765420035.jpg'),(182,171,'/images/products/IMG1584765703775.jpg'),(183,172,'/images/products/IMG1584765841507.jpg'),(184,173,'/images/products/IMG1584765990698.jpg'),(185,80,'/images/products/IMG1584766294808.jpg'),(186,80,'/images/products/IMG1584766306921.jpg'),(187,80,'/images/products/IMG1584766306925.jpg'),(188,80,'/images/products/IMG1584766306929.jpg'),(189,81,'/images/products/IMG1584766650985.png'),(190,81,'/images/products/IMG1584766651000.png'),(191,82,'/images/products/IMG1584767611373.jpg'),(192,82,'/images/products/IMG1584767611378.jpg'),(193,82,'/images/products/IMG1584767611381.jpg'),(194,83,'/images/products/IMG1584767891684.png'),(195,83,'/images/products/IMG1584767909358.png'),(196,83,'/images/products/IMG1584767909365.png'),(197,83,'/images/products/IMG1584767909372.png'),(198,84,'/images/products/IMG1584768180007.png'),(199,84,'/images/products/IMG1584768187899.png'),(200,85,'/images/products/IMG1584768287257.jpg'),(201,174,'/images/products/IMG1584768516233.png'),(202,174,'/images/products/IMG1584768527422.png'),(203,174,'/images/products/IMG1584768527429.png'),(204,174,'/images/products/IMG1584768527435.png'),(205,175,'/images/products/IMG1584768715831.jpg'),(206,175,'/images/products/IMG1584768725605.jpg'),(207,175,'/images/products/IMG1584768725609.jpg'),(208,175,'/images/products/IMG1584768725612.jpg'),(209,176,'/images/products/IMG1584768888250.jpg'),(210,176,'/images/products/IMG1584768888253.png'),(211,176,'/images/products/IMG1584768888258.png'),(212,176,'/images/products/IMG1584768888263.png'),(213,86,'/images/products/IMG1584769149016.jpeg'),(214,87,'/images/products/IMG1584769288111.jpg'),(215,88,'/images/products/IMG1584769435703.jpg'),(216,89,'/images/products/IMG1584769540760.jpg'),(217,90,'/images/products/IMG1584769826982.png'),(218,91,'/images/products/IMG1584769890236.jpg'),(219,92,'/images/products/IMG1584770014441.jpg'),(220,93,'/images/products/IMG1584770139277.jpg'),(221,94,'/images/products/IMG1584770335001.jpg'),(222,96,'/images/products/IMG1584770489087.jpg'),(223,95,'/images/products/IMG1584770759278.jpg'),(224,99,'/images/products/IMG1584770835716.png'),(225,97,'/images/products/IMG1584770938518.jpg'),(226,177,'/images/products/IMG1584777857835.jpg'),(227,100,'/images/products/IMG1584778064212.jpg'),(228,100,'/images/products/IMG1584778064216.jpg'),(229,100,'/images/products/IMG1584778064220.jpg'),(230,101,'/images/products/IMG1584778239664.jpg'),(231,101,'/images/products/IMG1584778239667.jpg'),(232,101,'/images/products/IMG1584778239671.jpg'),(233,102,'/images/products/IMG1584778326428.jpg'),(234,102,'/images/products/IMG1584778335849.jpg'),(235,102,'/images/products/IMG1584778335856.jpg'),(236,103,'/images/products/IMG1584778492554.jpg'),(237,103,'/images/products/IMG1584778503263.jpg'),(238,103,'/images/products/IMG1584778503267.jpg'),(239,103,'/images/products/IMG1584778503270.jpg'),(240,178,'/images/products/IMG1584778605742.png'),(241,178,'/images/products/IMG1584778618909.png'),(242,178,'/images/products/IMG1584778618914.png'),(243,179,'/images/products/IMG1584778714344.jpg'),(244,179,'/images/products/IMG1584778714348.jpg'),(245,179,'/images/products/IMG1584778714351.jpg'),(246,180,'/images/products/IMG1584778859704.jpg'),(247,180,'/images/products/IMG1584778868139.jpg'),(248,180,'/images/products/IMG1584778868142.jpg'),(249,180,'/images/products/IMG1584778868147.jpg'),(250,107,'/images/products/IMG1584779061760.png'),(251,107,'/images/products/IMG1584779061767.jpg'),(252,107,'/images/products/IMG1584779061769.jpg'),(253,106,'/images/products/IMG1584779178288.jpg'),(254,106,'/images/products/IMG1584779178292.jpg'),(255,106,'/images/products/IMG1584779178295.jpg'),(256,145,'/images/products/IMG1584779321489.jpg'),(257,145,'/images/products/IMG1584779321495.png'),(258,108,'/images/products/IMG1584779478654.png'),(259,181,'/images/products/IMG1584779620978.jpg'),(260,182,'/images/products/IMG1584779769472.png'),(261,104,'/images/products/IMG1584779899351.png'),(262,105,'/images/products/IMG1584780042786.jpg'),(263,105,'/images/products/IMG1584780052846.png'),(264,105,'/images/products/IMG1584780052854.png'),(265,183,'/images/products/IMG1584780192734.png'),(266,184,'/images/products/IMG1584780322376.jpg'),(267,184,'/images/products/IMG1584780343735.jpg'),(268,184,'/images/products/IMG1584780343746.jpg'),(269,184,'/images/products/IMG1584780343749.jpg'),(270,6,'/images/products/IMG1584780891640.png'),(271,6,'/images/products/IMG1584780891648.png'),(272,6,'/images/products/IMG1584780891656.png'),(273,6,'/images/products/IMG1584780891663.png'),(274,4,'/images/products/IMG1584780984518.png'),(275,4,'/images/products/IMG1584780984526.png'),(276,4,'/images/products/IMG1584780984535.png'),(277,4,'/images/products/IMG1584780984541.png'),(278,3,'/images/products/IMG1584781063390.png'),(279,3,'/images/products/IMG1584781063397.png'),(280,3,'/images/products/IMG1584781063481.png'),(281,3,'/images/products/IMG1584781063486.png'),(282,2,'/images/products/IMG1584781138807.png'),(283,2,'/images/products/IMG1584781138816.png'),(284,2,'/images/products/IMG1584781138825.png'),(285,2,'/images/products/IMG1584781138831.png'),(286,1,'/images/products/IMG1584781300488.png'),(287,1,'/images/products/IMG1584781300495.png'),(288,1,'/images/products/IMG1584781300499.png'),(290,185,'/images/products/IMG1584945752644.jpg'),(291,185,'/images/products/IMG1584945752755.jpg');
/*!40000 ALTER TABLE `product_images` ENABLE KEYS */;
UNLOCK TABLES;

--
-- Table structure for table `products`
--

DROP TABLE IF EXISTS `products`;
/*!40101 SET @saved_cs_client     = @@character_set_client */;
/*!50503 SET character_set_client = utf8mb4 */;
CREATE TABLE `products` (
  `id` int(11) NOT NULL AUTO_INCREMENT,
  `brandId` int(11) NOT NULL,
  `name` varchar(100) NOT NULL,
  `description` text NOT NULL,
  `weight` int(11) NOT NULL,
  `wattage` int(11) DEFAULT NULL,
  `price` int(11) NOT NULL,
  `stock` int(11) DEFAULT NULL,
  PRIMARY KEY (`id`)
) ENGINE=InnoDB AUTO_INCREMENT=186 DEFAULT CHARSET=utf8mb4 COLLATE=utf8mb4_general_ci;
/*!40101 SET character_set_client = @saved_cs_client */;

--
-- Dumping data for table `products`
--

LOCK TABLES `products` WRITE;
/*!40000 ALTER TABLE `products` DISABLE KEYS */;
INSERT INTO `products` VALUES (1,3,'Cooler Master Cosmos C700P','<p>Product Name COSMOS C700P<br>Model Number MCC-C700P-MG5N-S00<br>Available Color Gun Metal / Black<br>Materials Outlook Aluminum, Steel, Plastic<br>Body Steel<br>Side Panel Tempered Glass, Steel<br>Dimensions (LxWxH) 639 x 306 x 651mm<br>Weight 22.2 kg<br>Motherboard Support Mini-ITX, Micro-ATX, ATX, E-ATX (Support 12\" x 11\")<br>Expansion Slots 8<br>Drive Bays 5.25\" 1<br>2.5\"/3.5\" HDD 2<br>2.5\" SSD 2<br>Drive Bays support 5.25\" 2<br>2.5\"/3.5\" HDD 8 or 9 (with ODD bay removed)<br>2.5\" SSD 2<br>I/O Port USB 3.1 Gen 2 Type C x 1,<br>USB 3.0 x 4,<br>Fan Speed &amp; RGB control buttons,<br>Audio In / Out (supports HD Audio)<br>Pre-installed Fans Front 140mm fan x 2, 1200RPM<br>Rear 140mm fan x 1, 1200RPM<br>Fan Support Top 120/140mm fan x 3<br>Bottom* 120/140mm fan x 2<br>Front 120/140mm fan x 3<br>Rear 120/140mm fan x 1<br>Liquid Cooling Support Top 120mm, 140mm, 240mm, 280mm, 360mm (requires removal of ODD cage)<br>Bottom* 120mm, 140mm, 240mm<br>Front 120mm, 140mm 240mm, 280mm, 360mm, 420mm (requires removal of ODD cage)<br>Rear 120mm, 140mm<br>Clearances CPU Cooler 198 mm<br>Maximum GPU Length : &nbsp;320 mm (with 3.5\" HDD cage), 490 mm (without 3.5\" HDD cage)<br>Power Supply Support Bottom Mount,<br>ATX PS2<br>Lighting Support RGB Control Board x 1 (Cycle, Static, M/B modes) to embedded lightings One RGB connection available<br>EAN Code 4719512063712<br>UPC Code 884102036392</p>',10000,0,4880000,39),(2,3,'Cooler Master MasterCase H500M','<p>Product Name MasterCase H500M<br>Model Number MCM-H500M-IHNN-S00<br>Available Color Iron Grey<br>Materials Outlook: Steel Mesh, Glass<br>Body: Steel<br>Side panel: Tempered Glass<br>Dimensions (LxWxH) 544 x 248 x 546mm / 21.4 x 9.8 x 21.5 inch<br>Motherboard Support Mini-ITX, Micro-ATX, ATX, E-ATX (support upto 12\" x 10.7\")<br>Expansion Slots 7 + 2 (Support vertical graphics card installation)<br>5.25\" Drive Bays 0<br>2.5\" / 3.5\" Drive Bays 2<br>2.5\" SSD Drive Bays 6<br>I/O Port USB 3.1 Type-C x 1<br>USB 3.0 Type-A x 4<br>Audio In &amp; Out (supports HD Audio)<br>Pre-installed Fan(s) - Front 200mm ARGB Fan x 2 (Speed: 800RPM / Connector: 3Pin + ARGB 3pin)<br>Pre-installed Fan(s) - Rear 140mm fan x 1 (Speed: 1200RPM / Connector: 3Pin)<br>Fan Support - Top 120 fan x 3 or 140mm/200mm fan x 2<br>Fan Support - Front 120/140mm fan x 3 or 200mm fan x 2<br>Fan Support - Rear 120/140mm fan x 1<br>Liquid Cooling Support - Top 120mm, 140mm, 240mm, 280mm, 360mm (maximum thickness clearance 43mm)<br>Liquid Cooling Support - Front 120mm, 140mm, 200mm, 240mm, 280mm, 360mm (70mm clearance w/radiator lid &amp; M.portremoved)<br>Liquid Cooling Support - Rear 120mm, 140mm<br>Clearance - CPU Cooler 190 mm<br>Clearance - Power Supply 200 mm</p><p>Maximum GPU Length : 412 mm<br>Power Supply Support Bottom Mount, ATX PS2<br>EAN Code 4719512072165<br>UPC Code 884102044663</p>',10000,0,2985000,39),(3,3,'Cooler Master MasterBox Q300P With RGB Fan','<p>Product Name MasterBox Q300P<br>Product Number MCB-Q300P-KANN-S02<br>Available Color Black<br>Materials Steel, Plastic<br>Dimensions (LxWxH) 450 x 230 x 450mm<br>Motherboard Support Micro-ATX, Mini-ITX<br>Expansion Slots 4<br>Drive Bays 5.25\" 0<br>3.5\" HDD 1<br>2.5\" SSD 2<br>I/O Port USB 3.0 x 2, Audio In / Out<br>Pre-installed Fan(s) Front 120mm RGB LED x 2<br>Rear 120mm non-LED x 1<br>Fan Support Front 120 / 140mm x 2<br>Top 120mm x 2<br>Rear 120mm x 1<br>Bottom 120mm x 1<br>Radiator Support Front 120mm x 1 / 240mm x 1<br>Rear 120mm x 1<br>Clearances CPU Cooler 157mm<br>PSU 160mm<br>Maximum GPU Length : 360 mm<br>Cable Routing Behind MB Tray 28mm<br>Power Supply Support Bottom mount, ATX PS2<br>EAN Code 4719512065518<br>UPC Code 884102038037</p>',10000,0,1119000,37),(4,3,'Cooler Master MasterBox Q300L','<p>Product Name MasterBox Q300L<br>Product Number MCB-Q300L-KANN-S00<br>Available Color Black<br>Materials Steel, Plastic<br>Dimensions (LxWxH) 387 x 230 x 381mm<br>Motherboard Support Micro-ATX, Mini-ITX<br>Expansion Slots 4<br>5.25\" Drive Bays 0<br>3.5\" HDD Drive Bays 1<br>2.5\" SSD Drive Bays 2<br>I/O Port USB 3.0 x 2, Audio In / Out<br>Pre-installed Fan(s) - Front N/A<br>Pre-installed Fan(s) - Rear 120mm x 1<br>Fan Support - Front 120 / 140mm x 2<br>Fan Support - Top 120mm x 2<br>Fan Support - Rear 120mm x 1<br>Fan Support - Bottom 120mm x 1<br>Radiator Support - Front 120mm x 1 / 240mm x 1<br>Radiator Support - Rear 120mm x 1<br>Clearances - CPU Cooler 159mm<br>Clearances - PSU 160mm<br>Maximum GPU Length : 360 mm<br>Cable Routing - Behind MB Tray 28mm<br>Dust Filters Bottom<br>Power Supply Support Bottom mount, ATX PS2<br>EAN Code 4719512065488<br>UPC Code 884102038006</p>',10000,0,735000,39),(5,3,'Cooler Master ELITE 130 Advanced','<p>Unprecedented airflow for a Mini-ITX case with front mesh panel and vents on the top and side panels<br>Dual Super Speed USB 3.0<br>Supports a 120mm radiator in the front<br>Supports standard length ATX PSU<br>Maximum GPU Length : 343 mm / 13.5 inch<br>Ample storage up to 1 ODD / 3 HDDs / 5 SSDs:<br><br>ODD x 1 + HDD x 2 + SSD x 1<br>+ HDD x 3 + SSD x 1<br>+ HDD x 2 + SSD x 3<br>+ HDD x 1 + SSD x 4<br>+ SSD x 5</p>',10000,0,698000,40),(6,3,'Cooler Master ELITE 110 Advanced','<p>Available Color Midnight Black<br>Materials Appearance: Aluminum and plastic<br>Case body: Steel alloy<br>Dimensions (W x H x D) 260 x 208 x 280 mm / 10.3 x 8.2 x 11.1 inch<br>Net Weight 2.65 kg / 5.9 lbs<br>M/B Type Mini-ITX<br>3.5\" / SSD Drive Bays 3.5\" HDD x 3,<br>or 3.5\" HDD x 2 + SSD x 2<br>or 3.5\" HDD x 1 + SSD x 3<br>or SSD x 4<br>I/O Panel USB 3.0 x 2, Audio In &amp; Out<br>Expansion Slots 2<br>Cooling System Front: 120mm fan x 1 (installed, converted to 140mm fan x 1)<br>Side: 80x25mm fan x 2 (optional)<br>Power Supply Type Standard ATX PS2<br>Maximum GPU Length: 210mm / 8.3 inch<br>CPU cooler height: 76mm / 3 inch<br>PSU length:<br>180mm/ 7.1 inch (w/ less cable management)<br>142mm / 5.6 inch (w/ full cable management)</p>',10000,0,621000,40),(7,4,'CUBE GAMING KLASSIS WHITE V2.0','SIDE TEMPERED GLASS - FREE 1PCS 12CM INNER OUTER LED RGB FLOWING & LED STRIP CUSTOMIZABLE MODE + MOTHERBOARD SYNC',10000,0,680000,38),(8,4,'CUBE GAMING VALBORG BLACK','<p>FRONT &amp; SIDE TEMPERED GLASS - PSU COVER - FREE 3 Pcs 12CM AUTOFLOW RAINBOW FAN</p><p>&nbsp;</p><p>SKU : 156434<br>Product Name : CUBE GAMING VALBORG BLACK - ATX - FRONT &amp; SIDE TEMPERED GLASS - PSU COVER - FREE 3 Pcs 12CM AUTOFLOW RAINBOW FAN<br>Model : VALBORG<br>Case Material : SPCC, Tempered Glass<br>Compability : ATX, M-ATX, ITX<br>Case Dimensions : 489 x 246 x 470 mm<br>Maximum GPU Length : 345 mm<br>Maximum PSU Length :<br>Maximum Cooler Height : 168 mm<br>Case Expansion : 7<br>Case Drive Bays : 2x 3.5, 2x 2.5 Inch<br>Radiator Compability : -</p>',10000,0,550000,40),(9,4,'CUBE GAMING FLERON','<p>LEFT SIDE TEMPERED GLASS - FRONT LED STRIP - PSU COVER - DUST FILTER - FREE 1 PCS 12CM INNER OUTER LED RAINBOW RGB FAN</p><p>&nbsp;</p><p>SKU : 162219<br>Product Name : CUBE GAMING FLERON - mATX - LEFT SIDE TEMPERED GLASS - FRONT LED STRIP - PSU COVER - DUST FILTER - FREE 1 PCS 12CM INNER OUTER LED RAINBOW RGB FAN<br>Model : FLERON<br>Case Material : Steel, Tempered Glass, ABS<br>Compability : M-ATX, ITX<br>Case Dimensions : 340 x 195 x 395 mm<br>Maximum GPU Length : 300 mm<br>Maximum PSU Length : -<br>Maximum Cooler Height : 165 mm<br>Case Expansion : 4<br>Case Drive Bays : 1x 3.5, 3x 2.5 Inch<br>Radiator Compability : -<br>&nbsp;</p>',10000,0,380000,40),(10,4,'CUBE GAMING VRED V2.0 BLACK','<p>Full Acrylic Window - FREE 1PCS 12CM RAINBOW FAN</p><p>&nbsp;</p><p>SKU : 160454<br>Product Name : CUBE GAMING VRED V2.0 BLACK - M ATX - Full Acrylic Window - FREE 1PCS 12CM RAINBOW FAN<br>Model : VRED V2.0<br>Case Material : Steel, Acrylic Side Window<br>Compability : M-ATX, ITX<br>Case Dimensions : 340 x 185 x 380 mm<br>Maximum GPU Length : 300 mm<br>Maximum PSU Length : -<br>Maximum Cooler Height : 155 mm<br>Case Expansion : 4<br>Case Drive Bays : 1x 3.5, 2x 2.5 Inch<br>Radiator Compability : -</p>',10000,0,350000,0),(11,1,'Ryzen Threadripper 3990X','<p>2.9Ghz Up To 4.3Ghz Cache 256MB 280W sTRX4 [Box] - 64/128</p><p>&nbsp;</p><p>AMD Ryzen Threadripper 3990X<br>Specifications<br># of CPU Cores<br>64<br># of Threads<br>128<br>Base Clock<br>2.9GHz<br>Max Boost Clock<br>Up to 4.3GHz<br>Total L1 Cache<br>4MB<br>Total L2 Cache<br>32MB<br>Total L3 Cache<br>256MB<br>Unlocked<br>Yes<br>CMOS<br>TSMC 7nm FinFET<br>Package<br>sTRX4<br>PCI Express Version<br>PCIe 4.0<br>Default TDP / TDP<br>280W<br>Max Temps<br>95C<br>*OS Support<br>Windows 10 - 64-Bit Edition<br>RHEL x86 64-Bit<br>*Operating System (OS) support will vary by manufacturer.<br>System Memory<br>System Memory Specification<br>3200MHz<br>System Memory Type<br>DDR4<br>Memory Channels<br>4<br>Key Features<br>Supported Technologies<br>Zen Core Architecture<br>AMD Ryzen Master Utility<br>Foundation<br>Product Family<br>AMD Ryzen Processors<br>Product Line<br>AMD Ryzen Threadripper Processors<br>Platform<br>Desktop<br>OPN Tray<br>100-000000163<br>OPN PIB<br>100-100000163WOF<br>Launch Date<br>2/7/2020</p><p><br>&nbsp;</p>',1000,280,64900000,40),(12,1,'Ryzen Threadripper 3970X','<p>3.7Ghz Up To 4.5Ghz Cache 128MB 280W sTRX4 [Box] - 32/64</p><p>&nbsp;</p><p># of CPU Cores<br>32<br><br># of Threads<br>64<br><br>Base Clock<br>3.7GHz<br><br>Max Boost Clock<br>Up to 4.5GHz<br><br>Total L1 Cache<br>3MB<br><br>Total L2 Cache<br>16MB<br><br>Total L3 Cache<br>128MB<br><br>Unlocked<br>Yes<br><br>CMOS<br>TSMC 7nm FinFET<br><br>Package<br>sTRX4<br><br>PCI Express Version<br>PCIe 4.0<br><br>Thermal Solution (PIB)<br>Not included<br><br>Default TDP / TDP<br>280W<br><br>Max Temps<br>68C<br><br>*OS Support<br>Windows 10 - 64-Bit Edition<br>RHEL x86 64-Bit<br>Ubuntu x86 64-Bit<br>*Operating System (OS) support will vary by manufacturer.<br><br><br>System Memory<br><br>System Memory Specification<br>3200MHz<br><br>System Memory Type<br>DDR4<br><br>Memory Channels<br>4<br><br><br>Key Features<br><br>Supported Technologies<br>Zen Core Architecture<br>AMD Ryzen Master Utility</p>',1000,280,30000000,40),(13,1,'Ryzen Threadripper 3960X','<p>3.8Ghz Up To 4.5Ghz Cache 128MB 280W sTRX4 [Box] - 24/48</p><p>&nbsp;</p><p>AMD Ryzen Threadripper 3960X<br>Specifications<br># of CPU Cores<br>24<br># of Threads<br>48<br>Base Clock<br>3.8GHz<br>Max Boost Clock<br>Up to 4.5GHz<br>Total L1 Cache<br>2.25MB<br>Total L2 Cache<br>12MB<br>Total L3 Cache<br>128MB<br>Unlocked<br>Yes<br>CMOS<br>TSMC 7nm FinFET<br>Package<br>sTRX4<br>PCI Express Version<br>PCIe 4.0<br>Thermal Solution (PIB)<br>Not included<br>Default TDP / TDP<br>280W</p>',1000,280,26000000,40),(14,1,'Ryzen Threadripper 2950X','<p>3.5Ghz Up To 4.4Ghz Cache 32MB 180W TR4 [Box] - 16/32</p><p>&nbsp;</p><p># of CPU Cores<br>16<br><br># of Threads<br>32<br><br>Base Clock Speed<br>3.4GHz<br><br>Max Turbo Core Speed<br>4GHz<br><br>Total L1 Cache<br>1.5MB<br><br>Total L2 Cache<br>8MB<br><br>Total L3 Cache<br>32MB<br><br>Unlocked<br>Yes<br><br>CMOS<br>14nm<br><br>Package<br>sTR4<br><br>PCI Express Version<br>PCIe 3.0<br><br>Default TDP / TDP<br>180W<br><br>Max Temps<br>68C<br><br>Max Memory Speed<br>2667MHz<br><br>Memory Interface<br>DDR4<br><br>Memory Channels<br>4<br><br>Supported Technologies<br>The \'\'\"Zen\'\'\' Core Architecture<br>AMD SenseMI Technology<br>AMD Ryzen Master Utility<br>AMD Ryzen\' VR-Ready Premium<br>Virtualization<br>AES<br>AVX2<br>FMA3<br><br>Product Family<br>AMD Ryzen\'<br><br>Product Line<br>AMD Ryzen\' Threadripper<br><br>Platform<br>Desktop</p>',1000,180,12000000,40),(17,1,'Ryzen 9 3900X','<p>3.8Ghz Up To 4.6Ghz Cache 64MB 105W AM4 [Box] - 12/24 - With AMD Wraith Prism Cooler</p><p>&nbsp;</p><p>SKU : 161432&nbsp;<br>Processor Name : AMD Ryzen 9 3900X 3.8Ghz Up To 4.6Ghz Cache 64MB 105W AM4 [Box] - 12 Core - 100-100000023BOX - With AMD Wraith Prism Cooler&nbsp;<br>Brand : AMD&nbsp;<br>CPU Socket Type : AM4&nbsp;<br>Processors Generation : 3rd Gen Ryzen&nbsp;<br>Family : AMD Ryzen&nbsp;<br>Cores : 12&nbsp;<br>Threads : 24&nbsp;<br>Operating Frequency : 3.8Ghz&nbsp;<br>Max Turbo Frequency : 4.6Ghz&nbsp;<br>Cache : 64 MB&nbsp;<br>Manufacturing Tech : TSMC 7nm FinFET&nbsp;<br>Integrated Graphics : No&nbsp;<br>Thermal Design Power : 105 W&nbsp;<br>Thermal Solution (Cooler) : Included&nbsp;<br>Warranty : 3 Years</p>',1000,105,9090000,40),(18,1,'Ryzen 7 3800X','<p>3.9Ghz Up To 4.5Ghz Cache 32MB 105W AM4 [Box] - 8/16- With AMD Wraith Prism Cooler</p><p>&nbsp;</p><p>SKU : 161604&nbsp;<br>Processor Name : AMD Ryzen 7 3800X 3.9Ghz Up To 4.5Ghz Cache 32MB 105W AM4 [Box] - 8 Core - 100-100000025BOX - With AMD Wraith Prism Cooler&nbsp;<br>Brand : AMD&nbsp;<br>CPU Socket Type : AM4&nbsp;<br>Processors Generation : 3rd Gen Ryzen&nbsp;<br>Family : AMD Ryzen&nbsp;<br>Cores : 8&nbsp;<br>Threads : 16&nbsp;<br>Operating Frequency : 3.9Ghz&nbsp;<br>Max Turbo Frequency : 4.5Ghz&nbsp;<br>Cache : 32 MB&nbsp;<br>Manufacturing Tech : TSMC 7nm FinFET&nbsp;<br>Integrated Graphics : No&nbsp;<br>Thermal Design Power : 105 W&nbsp;<br>Thermal Solution (Cooler) : Included&nbsp;<br>Warranty : 3 Years</p>',800,105,7070000,40),(20,1,'Ryzen 5 3600X','<p>3.8Ghz Up To 4.4Ghz Cache 32MB 95W AM4 [Box] - 6/12 - With AMD Wraith Spire Cooler</p><p>&nbsp;</p><p>SKU : 161429&nbsp;<br>Processor Name : AMD Ryzen 5 3600X 3.8Ghz Up To 4.4Ghz Cache 32MB 95W AM4 [Box] - 6 Core - 100-100000022BOX - With AMD Wraith Spire Cooler&nbsp;<br>Brand : AMD&nbsp;<br>CPU Socket Type : AM4&nbsp;<br>Processors Generation : 3rd Gen Ryzen&nbsp;<br>Family : AMD Ryzen&nbsp;<br>Cores : 6&nbsp;<br>Threads : 12&nbsp;<br>Operating Frequency : 3.8Ghz&nbsp;<br>Max Turbo Frequency : 4.4Ghz&nbsp;<br>Cache : 32 MB&nbsp;<br>Manufacturing Tech : TSMC 7nm FinFET&nbsp;<br>Integrated Graphics : No&nbsp;<br>Thermal Design Power : 95 W&nbsp;<br>Thermal Solution (Cooler) : Included&nbsp;<br>Warranty : 3 Years</p>',500,95,4100000,40),(21,1,'Ryzen 5 3600','<p>3.6Ghz Up To 4.2Ghz Cache 32MB 65W AM4 [Box] - 6/12 - With AMD Wraith Spire Cooler</p><p>&nbsp;</p><p>SKU : 161303&nbsp;<br>Processor Name : AMD Ryzen 5 3600 3.6Ghz Up To 4.2Ghz Cache 32MB 65W AM4 [Box] - 6 Core - 100-100000031BOX - With AMD Wraith Stealth Cooler&nbsp;<br>Brand : AMD&nbsp;<br>CPU Socket Type : AM4&nbsp;<br>Processors Generation : 3rd Gen Ryzen&nbsp;<br>Family : AMD Ryzen&nbsp;<br>Cores : 6&nbsp;<br>Threads : 12&nbsp;<br>Operating Frequency : 3.6GHz&nbsp;<br>Max Turbo Frequency : 4.2GHz&nbsp;<br>Cache : 32 MB&nbsp;<br>Manufacturing Tech : TSMC 7 nm FinFET&nbsp;<br>Integrated Graphics : No&nbsp;<br>Thermal Design Power : 65 W&nbsp;<br>Thermal Solution (Cooler) : Included&nbsp;<br>Warranty : 3 Years</p>',500,65,3429000,40),(22,1,'Ryzen 5 3400G','<p>3.7Ghz Up To 4.2Ghz Cache 4MB 65W AM4 [Box] - 4/8 - With AMD Wraith Spire Cooler</p><p>&nbsp;</p><p>SKU : 161304<br>Processor Name : AMD Ryzen 5 3400G 3.7Ghz Up To 4.2Ghz Cache 4MB 65W AM4 [Box] - 4 Core - YD3400C5FHBOX - With AMD Wraith Spire Cooler<br>Brand : AMD<br>CPU Socket Type : AM4<br>Processors Generation : 2nd Gen Ryzen<br>Family : AMD Ryzen<br>Cores : 4<br>Threads : 8<br>Operating Frequency : 3.7Ghz<br>Max Turbo Frequency : 4.2Ghz<br>Cache : 4 MB<br>Manufacturing Tech : 12 nm FinFET<br>Integrated Graphics : Radeon RX Vega 11 Graphics<br>Thermal Design Power : 65 W<br>Thermal Solution (Cooler) : Included<br>Warranty : 3 Years</p>',500,65,2350000,40),(23,1,'Ryzen 3 3200G','<p>3.6Ghz Up To 4.0Ghz Cache 4MB 65W AM4 [Box] - 4/4 - With AMD Wraith Stealth Cooler</p><p>&nbsp;</p><p>SKU : 161305<br>Processor Name : AMD Ryzen 3 3200G 3.6Ghz Up To 4.0Ghz Cache 4MB 65W AM4 [Box] - 4 Core - YD3200C5FHBOX - With AMD Wraith Stealth Cooler<br>Brand : AMD<br>CPU Socket Type : AM4<br>Processors Generation : 2nd Gen Ryzen<br>Family : AMD Ryzen<br>Cores : 4<br>Threads : 4<br>Operating Frequency : 3.6Ghz<br>Max Turbo Frequency : 4.0Ghz<br>Cache : 4 MB<br>Manufacturing Tech : 12 nm FinFET<br>Integrated Graphics :<br>Thermal Design Power : 45-65 W<br>Thermal Solution (Cooler) : Included<br>Warranty : 3 Years</p>',500,65,1349000,40),(24,1,'Athlon 3000G','<p>3.5Ghz Cache 4MB 35W AM4 [Box] - 2/4 -With AMD Stock Cooler</p><p>&nbsp;</p><p>SKU : 163690<br>Processor Name : AMD Athlon 3000G (Radeon Vega 3) 3.5Ghz Cache 4MB 35W Socket AM4 [BOX] - 2 Core - YD3000C6FHBOX<br>Brand : AMD<br>CPU Socket Type : AM4<br>Family : AMD Athlon Processors<br>Cores : 2<br>Threads : 4<br>Operating Frequency : 3.5GHz<br>Cache : 4MB<br>Manufacturing Tech : 14nm<br>Integrated Graphics : Radeon Vega 3 Graphics<br>Thermal Design Power : 35W<br>Thermal Solution (Cooler) : Included<br>Warranty : 3 Years</p>',350,35,898000,40),(25,1,'Ryzen 7 2700X','<p>3.7Ghz Up To 4.3Ghz Cache 16MB 105W AM4 [Box] - 8/16 - With AMD Wraith Prism Cooler</p><p>&nbsp;</p><p>of CPU Cores: 8<br>of Threads: 16<br>Base Clock: 3.7GHz: Max Boost Clock Up to 4.3GHz<br>Total L1 Cache<br>768<br>Total L2 Cache<br>4MB<br>Total L3 Cache<br>16MB<br>Unlocked<br>Yes<br>CMOS<br>12nm FinFET<br>Package<br>AM4<br>PCI Express Version<br>PCIe 3.0 x16<br>Thermal Solution (PIB)<br>Wraith Prism with RGB LED<br>Thermal Solution (MPK)<br>Wraith PRISM<br>Default TDP / TDP<br>105W<br>Max Temps<br>85C<br>*OS Support<br>Windows 10 - 64-Bit Edition<br>RHEL x86 64-Bit<br>Ubuntu x86 64-Bit<br>*Operating System (OS) support will vary by manufacturer.</p>',350,105,4400000,40),(26,1,'Ryzen 7 2700','<p>3.2Ghz Up To 4.1Ghz Cache 16MB 65W AM4 [Box] - 8/16 - With AMD Wraith Spire RGB Cooler</p><p>&nbsp;</p><p>CPU Socket Type Socket AM4<br>Core Name Pinnacle Ridge<br># of Cores 8-Core<br># of Threads 16<br>Operating Frequency 3.2 GHz<br>Max Turbo Frequency 4.1 GHz<br>L1 Cache 768KB<br>L2 Cache 4MB<br>L3 Cache 16MB<br>Manufacturing Tech 12nm<br>64-Bit Support Yes<br>Memory Types DDR4 2933<br>Memory Channel 2<br>Virtualization Technology Support Yes<br>PCI Express Revision 3.0<br>Max Number of PCI Express Lanes 16<br>Thermal Design Power 65W<br>Cooling Device Heatsink and fan included</p>',350,65,3250000,39),(28,1,'Ryzen 5 2600','<p>3.4Ghz Up To 3.9Ghz Cache 16MB 65W AM4 [Box] - 6/12 - With AMD Wraith Stealth Cooler</p><p>&nbsp;</p><p>SKU : 156387<br>Processor Name : AMD Ryzen 5 Pinnacle Ridge 2600 3.4Ghz Up To 3.9Ghz Cache 16MB 65W AM4 [Box] - 6 Core - YD2600BBAFBOX - With AMD Wraith Stealth Cooler<br>Brand : AMD<br>CPU Socket Type : AM4<br>Processors Generation : 2nd Gen Ryzen<br>Family : AMD Ryzen<br>Cores : 6<br>Threads : 12<br>Operating Frequency : 3.4GHz<br>Max Turbo Frequency : 3.9GHz<br>Cache : 16 MB<br>Manufacturing Tech : 12 nm FinFET<br>Integrated Graphics : No<br>Thermal Design Power : 65 W<br>Thermal Solution (Cooler) : Included<br>Warranty : 3 Years</p>',350,65,1850000,40),(29,1,'Ryzen 5 2400G','<p>3.6Ghz Up To 3.9Ghz Cache 4MB 65W AM4 [Box] - 4/8 - With AMD Wraith Stealth Cooler</p><p>&nbsp;</p><p>Brand : AMD<br>Processors Type : Desktop<br>Series : AMD Ryzen 5<br>Model : YD2400C5FBBOX<br>CPU Socket Type : Socket AM4<br>Core Name : AMD Ryzen 5 2400G<br># of Cores : 4-Core<br># of Threads : 8<br>Operating Frequency : 3.6 GHz<br>Max Turbo Frequency : 3.9 GHz<br>L2 Cache : 2MB<br>L3 Cache : 4MB<br>Manufacturing Tech : 14nm<br>64-Bit Support : Yes<br>Hyper-Threading Support : No<br>Virtualization Technology Support : No<br>Integrated Graphics : Radeon RX Vega 11 Graphics<br>Graphics Base Frequency : 1250 MHz<br>Thermal Design Power : 65W</p>',350,65,1825000,40),(30,1,'Ryzen 3 2200G','<p>3.5Ghz Up To 3.7Ghz Cache 4MB 65W AM4 [Box] - 4/4 - With AMD Wraith Stealth Cooler</p><p>&nbsp;</p><p>SKU : 155495<br>Processor Name : AMD Ryzen 3 Raven Ridge 2200G 3.5Ghz Up To 3.7Ghz Cache 4MB 65W AM4 [Box] - 4 Core - YD2200C5FBBOX - With AMD Wraith Stealth 65W Cooler<br>Brand : AMD<br>CPU Socket Type : AM4<br>Processors Generation : Ryzen Gen<br>Family : AMD Ryzen<br>Cores : 4<br>Threads : 4<br>Operating Frequency : 3.2GHz<br>Max Turbo Frequency : 3.6GHz<br>Cache : 4 MB<br>Manufacturing Tech : 14 nm FinFET<br>Integrated Graphics : Radeon Vega 8 Graphics<br>Thermal Design Power : 35 W<br>Thermal Solution (Cooler) : Included<br>Warranty : 3 Years</p>',350,65,1216000,40),(31,1,'AMD Athlon 240GE','<p>3.5Ghz Cache 4MB 35W Socket AM4 [BOX] - 2/4 -With AMD Stock Cooler</p><p>&nbsp;</p><p>SKU : 159470<br>Processor Name : AMD Athlon 240GE (Radeon Vega 3) 3.5Ghz Cache 4MB 35W Socket AM4 [BOX] - 2 Core - YD240GC6FBBOX<br>Brand : AMD<br>CPU Socket Type : AM4<br>Processors Generation : -<br>Family : Athlon<br>Cores : 2<br>Threads : 4<br>Operating Frequency : 3.5GHz<br>Max Turbo Frequency : -<br>Cache : 4MB<br>Manufacturing Tech : 14nm<br>Integrated Graphics : Radeon Vega 3<br>Thermal Design Power : 35W<br>Thermal Solution (Cooler) : Included<br>Warranty : 3 Years</p>',350,35,848000,40),(34,2,'Intel Core i9-9900X','<p>3.5Ghz Up To 4.4Ghz - Cache 19.25MB [Box] Socket LGA 2066 - 10/20 - Skylake-X Series 165W</p><p>&nbsp;</p><p>9th Gen Intel Processor<br>Max Turbo Frequency 4.4 GHz<br>Unlocked Processor<br>DDR4 Support<br>Intel Optane Memory and SSD Supported<br>Socket LGA 2066<br>Cooling device not included - Processor Only<br><br>Details<br>CPU Socket Type<br>LGA 2066<br>Core Name<br>Skylake X<br># of Cores<br>10-Core<br># of Threads<br>20<br>Operating Frequency<br>3.5 GHz<br>Max Turbo Frequency<br>4.4 GHz<br>L3 Cache<br>19.25MB<br>Manufacturing Tech<br>14nm<br>64-Bit Support<br>Yes<br>Hyper-Threading Support<br>Yes<br>Memory Types<br>DDR4<br>Memory Channel<br>4<br>Virtualization Technology Support<br>Yes<br>PCI Express Revision<br>3.0<br>Max Number of PCI Express Lanes<br>44<br>Thermal Design Power<br>165W<br>Cooling Device<br>Cooling device not included - Processor Only</p>',800,165,15500000,40),(35,2,'Intel Core i9-9820X','<p>3.3Ghz Up To 4.1Ghz - Cache 16.5MB [Box] Socket LGA 2066 - 10/20 - Skylake-X Series 165W</p><p>&nbsp;</p><p>Product Collection Intel Core X-series Processors<br>Code Name Products formerly Skylake<br>Vertical Segment Desktop<br>Processor Number i9-9820X<br>Status Launched<br>Launch Date Q4\'18<br>Lithography 14 nm<br>Included Items Please note: The boxed product does not include a fan or heat sink<br>Recommended Customer Price $889.00 - $899.00<br><br>Performance<br><br># of Cores 10<br># of Threads 20<br>Processor Base Frequency 3.30 GHz<br>Max Turbo Frequency 4.10 GHz<br>Cache 16.5 MB SmartCache<br>Bus Speed 8 GT/s DMI3<br># of QPI Links 0<br>Intel Turbo Boost Max Technology 3.0 Frequency  4.20 GHz<br>TDP 165 W</p>',800,165,13500000,40),(36,2,'Intel Core i7-9800X','<p>3.8Ghz Up To 4.4Ghz - Cache 16.5MB [Box] Socket LGA 2066 - 8/16 - Skylake-X Series 165W</p><p>&nbsp;</p><p>9th Gen Intel Processor<br>Max Turbo Frequency 4.4 GHz<br>Unlocked Processor<br>DDR4 Support<br>Intel Optane Memory and SSD Supported<br>Socket LGA 2066<br>Cooling device not included - Processor Only<br><br>Performance<br># of Cores 8<br># of Threads 16<br>Processor Base Frequency 3.80 GHz<br>Max Turbo Frequency 4.40 GHz<br>Cache 16.5 MB SmartCache<br>Bus Speed 8 GT/s DMI3<br># of QPI Links 0<br>Intel Turbo Boost Max Technology 3.0 Frequency  4.50 GHz<br>TDP 165 W</p>',600,165,9500000,40),(37,2,'Intel Core i9-9900K','<p>3.6Ghz Up To 5.0Ghz - Cache 16MB [Box] Socket LGA 1151V2 - 8/16 - Coffeelake Series 95W</p><p>&nbsp;</p><p>SKU : 158756<br>Processor Name : Intel Core i9-9900K 3.6Ghz Up To 5.0Ghz - Cache 16MB [Box] Socket LGA 1151V2 - Coffeelake Series<br>Brand : Intel<br>CPU Socket Type : LGA 1151V2<br>Processors Generation : 9th Gen<br>Family : Coffee Lake<br>Cores : 8<br>Threads : 16<br>Operating Frequency : 3.60 GHz<br>Max Turbo Frequency : 5.00 GHz<br>Cache : 16 MB<br>Manufacturing Tech : 14 nm<br>Integrated Graphics : Intel UHD Graphics 630<br>Thermal Design Power : 95W<br>Thermal Solution (Cooler) : Not Included<br>Warranty : 3 Years</p>',800,95,8382000,40),(38,2,'Intel Core i9-9900KF','<p>3.6Ghz Up To 5.0Ghz - Cache 16MB [Box] Socket LGA 1151V2 - 8/16 - Coffeelake Series 95W</p><p>&nbsp;</p><p>SKU : 162237&nbsp;<br>Processor Name : Intel Core i9-9900KF 3.6Ghz Up To 5.0Ghz - Cache 16MB [Box] Socket LGA 1151V2 - Coffeelake Series&nbsp;<br>Brand : Intel&nbsp;<br>CPU Socket Type : LGA 1151V2&nbsp;<br>Processors Generation : 9th Gen&nbsp;<br>Family : Coffeelake&nbsp;<br>Cores : 8&nbsp;<br>Threads : 16&nbsp;<br>Operating Frequency : 3.6GHz&nbsp;<br>Max Turbo Frequency : 5.0GHz&nbsp;<br>Cache : 16 MB&nbsp;<br>Manufacturing Tech : 14 nm&nbsp;<br>Integrated Graphics : No&nbsp;<br>Thermal Design Power : 95 W&nbsp;<br>Thermal Solution (Cooler) : No&nbsp;<br>Warranty : 3 Years</p>',350,95,7851000,40),(39,2,'Intel Core i9-9900','<p>3.1Ghz Up To 5.0Ghz - Cache 16MB [Box] Socket LGA 1151V2 - 8/16 - Coffeelake Series 65W</p><p>&nbsp;</p><p>SKU : 163006<br>Processor Name : Intel Core i9-9900 3.1Ghz Up To 5.0Ghz - Cache 16MB [Box] Socket LGA 1151V2 Coffeelake Series<br>Brand : Intel<br>CPU Socket Type : LGA 1151V2<br>Processors Generation : 9th Gen<br>Family : Coffeelake<br>Cores : 8<br>Threads : 16<br>Operating Frequency : 3.1GHz<br>Max Turbo Frequency : 5GHz<br>Cache : 16 MB<br>Manufacturing Tech : 14 nm<br>Integrated Graphics : Intel UHD Graphics 630<br>Thermal Design Power : 65 W<br>Thermal Solution (Cooler) : Included<br>Warranty : 3 Years</p>',350,65,7600000,40),(40,2,'Intel Core i7-9700K','<p>3.6Ghz Up To 4.9Ghz - Cache 12MB [Box] Socket LGA 1151V2 - 8/8 - Coffeelake Series 95W</p><p>&nbsp;</p><p>SKU : 158929<br>Processor Name : Intel Core i7-9700K 3.6Ghz Up To 4.9Ghz - Cache 12MB [Box] Socket LGA 1151V2 - Coffeelake Series<br>Brand : Intel<br>CPU Socket Type : LGA 1151V2<br>Processors Generation : 9th Gen<br>Family : Coffeelake<br>Cores : 8<br>Threads : 8<br>Operating Frequency : 3.6Ghz<br>Max Turbo Frequency : 4.9Ghz<br>Cache : 12 MB<br>Manufacturing Tech : 14 nm<br>Integrated Graphics : Intel UHD Graphics 630<br>Thermal Design Power : 95 W<br>Thermal Solution (Cooler) : Not Included<br>Warranty : 3 Years</p>',350,95,6285000,40),(43,2,'Intel Core i7-9700F','<p>3.0Ghz Up To 4.7Ghz - Cache 12MB [Box] Socket LGA 1151V2 - 8/8 - Coffeelake Series 65W</p><p>&nbsp;</p><p>SKU : 162396<br>Processor Name : Intel Core i7-9700F 3.0Ghz Up To 4.7Ghz - Cache 12MB [Box] Socket LGA 1151V2 - Coffeelake Series<br>Brand : Intel<br>CPU Socket Type : LGA 1151V2<br>Processors Generation : 9th Gen<br>Family : Coffeelake<br>Cores : 8<br>Threads : 8<br>Operating Frequency : 3.0Ghz<br>Max Turbo Frequency : 4.7Ghz<br>Cache : 12 MB<br>Manufacturing Tech : 14 nm<br>Integrated Graphics : No<br>Thermal Design Power : 65 W<br>Thermal Solution (Cooler) : Included<br>Warranty : 3 Years</p>',350,65,5350000,40),(44,2,'Intel Core i5-9600K','<p>3.7Ghz Up To 4.6Ghz - Cache 9MB [Box] Socket LGA 1151V2- 6/6 - Coffeelake Series 95W</p><p>&nbsp;</p><p>SKU : 158453<br>Processor Name : Intel Core i5-9600K 3.7Ghz Up To 4.6Ghz - Cache 9MB [Box] Socket LGA 1151V2- Coffeelake Series<br>Brand : Intel<br>CPU Socket Type : LGA 1151V2<br>Processors Generation : 9th Gen<br>Family : Coffeelake<br>Cores : 6<br>Threads : 6<br>Operating Frequency : 3.7Ghz<br>Max Turbo Frequency : 4.6Ghz<br>Cache : 9 MB<br>Manufacturing Tech : 14 nm<br>Integrated Graphics : Intel UHD Graphics 630<br>Thermal Design Power : 95 W<br>Thermal Solution (Cooler) : Not Included<br>Warranty : 3 Years</p>',350,95,3449000,40),(48,2,'Intel Core i5-9500F','<p>3.0Ghz Up To 4.4Ghz - Cache 9MB [Box] Socket LGA 1151V2 - 6/6 - Coffeelake Series 65W</p><p>&nbsp;</p><p>SKU : 163007&nbsp;<br>Processor Name : Intel Core i5-9500F 3.0Ghz Up To 4.4Ghz - Cache 9MB [Box] Socket LGA 1151V2 - Coffeelake Series&nbsp;<br>Brand : Intel&nbsp;<br>CPU Socket Type : LGA 1151V2&nbsp;<br>Processors Generation : 9th Gen&nbsp;<br>Family : Coffeelake&nbsp;<br>Cores : 6&nbsp;<br>Threads : 6&nbsp;<br>Operating Frequency : 3.0GHz&nbsp;<br>Max Turbo Frequency : 4.4GHz&nbsp;<br>Cache : 9 MB&nbsp;<br>Manufacturing Tech : 14 nm&nbsp;<br>Integrated Graphics : No&nbsp;<br>Thermal Design Power : 65 W&nbsp;<br>Thermal Solution (Cooler) : Included&nbsp;<br>Warranty : 3 Years</p>',350,65,3060000,40),(51,2,'Intel Core i3-9100F','<p>3.6Ghz Up To 4.2Ghz - Cache 6MB [Box] Socket LGA 1151V2 - 4/4 - Coffeelake Series 65W</p><p>&nbsp;</p><p>SKU : 160804<br>Processor Name : Intel Core i3-9100F 3.6Ghz Up To 4.2Ghz - Cache 6MB [Box] Socket LGA 1151V2 - Coffeelake Series<br>Brand : Intel<br>CPU Socket Type : LGA 1151V2<br>Processors Generation : 9th Gen<br>Family : Coffeelake<br>Cores : 4<br>Threads : 4<br>Operating Frequency : 3.6Ghz<br>Max Turbo Frequency : 4.2Ghz<br>Cache : 6 MB<br>Manufacturing Tech : 14 nm<br>Integrated Graphics : No<br>Thermal Design Power : 65 W<br>Thermal Solution (Cooler) : Included<br>Warranty : 3 Years</p>',350,65,1135000,40),(52,2,'Intel Pentium Gold G5420','<p>3.8Ghz - Cache 4MB [Box] Socket LGA 1151V2 - 2/4 - Coffeelake Series 54W</p><p>&nbsp;</p><p>SKU : 162961&nbsp;<br>Processor Name : Intel Pentium Gold G5420 3.8Ghz - Cache 4MB [Box] Socket LGA 1151V2- Coffeelake Series&nbsp;<br>Brand : Intel&nbsp;<br>CPU Socket Type : LGA 1151V2&nbsp;<br>Processors Generation : 9th Gen&nbsp;<br>Family : Coffeelake&nbsp;<br>Cores : 2&nbsp;<br>Threads : 4&nbsp;<br>Operating Frequency : 3.8GHz&nbsp;<br>Max Turbo Frequency : -&nbsp;<br>Cache : 4 MB&nbsp;<br>Manufacturing Tech : 14 nm&nbsp;<br>Integrated Graphics : Intel UHD Graphics 610&nbsp;<br>Thermal Design Power : 54 W&nbsp;<br>Thermal Solution (Cooler) : Included&nbsp;<br>Warranty : 3 Years</p>',350,54,850000,40),(54,2,'Intel Core i7-8700','<p>3.2Ghz Up To 4.6Ghz - Cache 12MB [Box] Socket LGA 1151V2 - 6/12 - Coffeelake Series 65W</p><p>&nbsp;</p><p>Product Collection 8th Generation Intel Core i7 Processors<br>Code Name Products formerly Coffee Lake<br>Vertical Segment Desktop<br>Processor Number i7-8700<br>Status Launched<br>Launch Date Q4\'17<br>Lithography 14 nm<br><br># of Cores 6<br># of Threads 12<br>Processor Base Frequency 3.20 GHz<br>Max Turbo Frequency 4.60 GHz<br>Cache 12 MB<br>Bus Speed 8 GT/s DMI3<br>TDP 65 W</p>',350,65,6000000,40),(55,2,'Intel Core i5-8600K','<p>3.6Ghz Up To 4.3Ghz - Cache 9MB [Box] Socket LGA 1151V2 - 6/6 - Coffeelake Series 95W</p><p>&nbsp;</p><p>Brand : Intel<br>Processors Type : Dekstop<br>Series : Core i5 8th Gen<br>Model : BX80684I58600K<br>CPU Socket Type : LGA 1151<br>Core Name : Coffee Lake<br># of Cores : 6 Core<br># of Threads : 6<br>Operating Frequency : 3.6 GHz<br>Max Turbo Frequency : 4.3 GHz<br>L3 Cache : 9MB<br>Manufacturing Tech : 14nm<br>64-Bit Support : Yes<br>Virtualization Technology Support : Yes<br>Integrated Graphics : Intel UHD Graphics 630<br>Graphics Base Frequency : 350 MHz<br>Graphics Max Dynamic Frequency : 1.15 GHz<br>Thermal Design Power : 95W</p>',350,95,4250000,40),(56,2,'Intel Core i5-8600','<p>3.1Ghz Up To 4.3Ghz - Cache 9MB [Box] Socket LGA 1151V2 - 6/6 - Coffeelake Series 65W</p><p>&nbsp;</p><p>Description<br># of Cores&nbsp;6<br># of Threads&nbsp;6<br>Processor Base Frequency&nbsp;3.10 GHz<br>Max Turbo Frequency&nbsp;4.30 GHz<br>Cache&nbsp;9 MB SmartCache<br>Bus Speed&nbsp;8 GT/s DMI3<br>TDP&nbsp;65 W</p>',350,65,4100000,40),(57,2,'Intel Core i5-8400','<p>2.8Ghz Up To 4.0Ghz - Cache 9MB [Box] Socket LGA 1151V2 - 6/6 - Coffeelake Series 65W</p><p>&nbsp;</p><p>Technical Specifications :&nbsp;<br>Processors Type : Desktop&nbsp;<br>Series : Core i5 8th Gen&nbsp;<br>Name : Intel Core i5-8400&nbsp;<br>CPU Socket Type : LGA 1151 (300 Series)&nbsp;<br>Core Name : Coffee Lake&nbsp;<br># of Cores : 6-Core&nbsp;<br># of Threads : 6&nbsp;<br>Operating Frequency : 2.8 GHz&nbsp;<br>Max Turbo Frequency : 4.0 GHz&nbsp;<br>L3 Cache : 9MB&nbsp;<br>Manufacturing Tech : 14nm&nbsp;<br>64-Bit Support : Yes&nbsp;<br>Hyper-Threading Support : No&nbsp;<br>Memory Types : DDR4-2666&nbsp;<br>Memory Channel : 2&nbsp;<br>Virtualization Technology Support : Yes&nbsp;<br>Integrated Graphics : Intel UHD Graphics 630&nbsp;<br>Graphics Base Frequency : 350 MHz&nbsp;<br>Graphics Max Dynamic Frequency : 1.05 GHz&nbsp;<br>PCI Express Revision : 3.0&nbsp;<br>Max Number of PCI Express Lanes : 16&nbsp;<br>Thermal Design Power : 65W</p>',350,65,3414000,40),(58,2,'Intel Core i3-8350K','<p>4.0Ghz - Cache 8MB [Box] Socket LGA 1151V2 - 4/4 - Coffeelake Series 91W</p><p>&nbsp;</p><p>SKU : 153835<br>Processor Name : Intel Core i3-8350K 4.0Ghz - Cache 8MB [Box] Socket LGA 1151V2 - Coffeelake Series<br>Brand : Intel<br>CPU Socket Type : LGA 1151V2<br>Processors Generation : 8th Gen<br>Family : Coffeelake<br>Cores : 4<br>Threads : 4<br>Operating Frequency : 4.00 GHz<br>Max Turbo Frequency : -<br>Cache : 8 MB<br>Manufacturing Tech : 14 nm<br>Integrated Graphics : Intel UHD Graphics 630<br>Thermal Design Power : 91 W<br>Thermal Solution (Cooler) : Not Included<br>Warranty : 3 Years</p>',350,91,2767000,40),(59,2,'Intel Core i3-8100','<p>3.6Ghz - Cache 6MB [Box] Socket LGA 1151V2 - 4/4 - Coffeelake Series 65W</p><p>&nbsp;</p><p>SKU : 153836<br>Processor Name : Intel Core i3-8100 3.6Ghz - Cache 6MB [Box] Socket LGA 1151V2 - Coffeelake Series<br>Brand : Intel<br>CPU Socket Type : LGA 1151V2<br>Processors Generation : 8th Gen<br>Family : Coffeelake<br>Cores : 4<br>Threads : 4<br>Operating Frequency : 3.60 GHz<br>Max Turbo Frequency : -<br>Cache : 6 MB<br>Manufacturing Tech : 14 nm<br>Integrated Graphics : Intel UHD Graphics 630<br>Thermal Design Power : 65 W<br>Thermal Solution (Cooler) : Included<br>Warranty : 3 Years</p>',350,65,1725000,40),(60,2,'Intel Core i7-7700K','<p>4.2Ghz Up To 4.5Ghz - Cache 8MB [Box] Socket LGA 1151 - 4/8 - Kabylake Series 91W</p><p>&nbsp;</p><p>This Core i7 series CPU operates at a stock clock speed of 4.20 GHz, 1.30 GHz faster than an average desktop processor. If that isn\'t enough power, the Core i7-7700K has been tested by Intel to handle a maximum overclocked speed up to 4.50 GHz.<br><br>Its cache size is 8MB, which is an above average cache among desktop processors.<br><br>Intel\'s 7th Generation Kaby Lake<br>4 Cores<br>Overclocking Capable<br>Intel Hyper-Threading Technology for 8 Way Multitasking<br>Intel Turbo Boost Technology 2.0<br>Intel Smart Cache Technology<br>Supports Two-Channel DDR4/DDR3L<br>Intel HD Graphics 630</p>',350,91,5800000,38),(61,2,'Intel Core i7-7700','<p>3.6Ghz - Cache 8MB [Box] Socket LGA 1151 - 4/8 - Kabylake Series 65W</p><p>&nbsp;</p><p>This Core i7 series CPU operates at a stock clock speed of 3.60 GHz0.70 GHz faster than an average desktop processor.<br><br>Its cache size is 8MB, which is an above average cache among desktop processors.<br><br>Intel\'s 7th Generation Kaby Lake<br>4 Cores<br>Intel Hyper-Threading Technology for 8 Way Multitasking<br>Intel Turbo Boost Technology 2.0<br>Intel Smart Cache Technology<br>Supports Two-Channel DDR4/DDR3L<br>Intel HD Graphics 630</p>',350,65,5250000,40),(62,2,'Intel Core i5-7600K','<p>3.8Ghz Up To 4.2Ghz - Cache 6MB [Box] Socket LGA 1151 - 4/4 - Kabylake Series 91W</p><p>&nbsp;</p><p>Performance :<br>- # of Cores : 4<br>- # of Threads : 4<br>- Processor Base Frequency : 4.2GHz<br>- Cache : 6 MB SmartCache<br>- Bus Speed : 8 GT/s DMI3<br>- TDP : 91 W<br><br>Memory Specifications :<br>- Max Memory Size (dependent on memory type) 64 GB<br>- Memory Types : DDR4-1866/2133, DDR3L-1333/1600 @ 1.35V<br>- Max # of Memory Channels : 2<br>- ECC Memory Supported : No<br><br>Graphics Specifications :<br>- Processor Graphics : Intel HD Graphics 630<br>- Graphics Base Frequency : 350MHz<br>- Graphics Max Dynamic Frequency : 1.15GHz<br>- Graphics Video Max Memory : 64 GB<br>- 4K Support Yes, at 60Hz<br>- Max Resolution (HDMI 1.4) 4096x2304@24Hz<br>- Max Resolution (DP) 4096x2304@60Hz<br>- Max Resolution (eDP - Integrated Flat Panel) 4096x2304@60Hz<br>- Resolusi Maksimum (VGA) : N/A<br>- Dukungan DirectX* : 12<br>- Dukungan OpenGL* : 4.5<br>- Intel Quick Sync Video : Ya<br>- Intel InTru 3D Technology : Ya<br>- Intel Clear Video HD Technology : Ya<br>- Intel Clear Video Technology : Ya<br>- Jumlah Layar yang Didukung : 3<br>- ID Perangkat : 0x5912</p>',350,91,4100000,40),(63,2,'Intel Core i5-7600','<p>3.5Ghz - Cache 6MB [Box] Socket LGA 1151 - 4/4 - Kabylake Series 65W</p><p>&nbsp;</p><p>SKU : 24191<br>Processor Name : Intel Core i5-7600 3.5Ghz - Cache 6MB [Box] Socket LGA 1151 - Kabylake Series<br>Brand : Intel<br>CPU Socket Type : LGA 1151<br>Processors Generation : 7th Gen<br>Family : Kabylake<br>Cores : 4<br>Threads : 4<br>Operating Frequency : 3.50 GHz<br>Max Turbo Frequency : 4.10 GHz<br>Cache : 6MB<br>Manufacturing Tech : 14 nm<br>Integrated Graphics : Intel HD Graphics 630<br>Thermal Design Power : 65 W<br>Thermal Solution (Cooler) : Included<br>Warranty : 3 Years</p>',350,65,3328000,40),(64,2,'Intel Core i3-7100','<p>3.9Ghz - Cache 3MB [Box] Socket LGA 1151 - 2/4 - Kabylake Series 51W</p><p>&nbsp;</p><p>SKU : 24194<br>Processor Name : Intel Core i3-7100 3.9Ghz - Cache 3MB [Box] Socket LGA 1151 - Kabylake Series<br>Brand : Intel<br>CPU Socket Type : LGA 1151<br>Processors Generation : 7th Gen<br>Family : Kabylake<br>Cores : 2<br>Threads : 4<br>Operating Frequency : 3.90 GHz<br>Max Turbo Frequency : -<br>Cache : 3 MB<br>Manufacturing Tech : 14 nm<br>Integrated Graphics : Intel HD Graphics 630<br>Thermal Design Power : 51 W<br>Thermal Solution (Cooler) : Included<br>Warranty : 3 Years</p>',350,51,1655000,40),(65,5,'ASRock TRX40 Taichi','<p>sTRX4, AMD TRX40, DDR4, USB 3.2, SATA3, ATX Form Factor</p><p>&nbsp;</p><p>Supports 3rd Gen AMD Ryzen Threadripper Processors<br>16 Power Phase Design, 90A Dr. MOS &amp; Power Choke<br>XXL Aluminum Alloy Heatsink &amp; Heatpipe Design<br>Supports DDR4 4666+(OC)<br>3 PCIe 4.0 x16, 1 PCIe 4.0 x1<br>NVIDIA NVLINK, 3-Way SLI, AMD 3-Way CrossFireX<br>8 SATA3, 1 Hyper M.2 (PCIe Gen4 x4 &amp; SATA3), 1 Hyper M.2 (PCIe Gen4 x4)<br>1 Rear USB 3.2 Gen2 x2 20Gb/s Type-C<br>3 USB 3.2 Gen2 (1 Front Type-C, 2 Rear)<br>8 USB 3.2 Gen1 (4 Front, 4 Rear)<br>7.1 CH HD Audio (Realtek ALC4050H+ALC1220), Supports Purity Sound 4 &amp; DTS Connect<br>Realtek 2.5G LAN, Intel Gigabit LAN<br>Intel Wi-Fi 6 802.11ax (2.4Gbps) + BT 5.0</p>',3000,100,7950000,40),(66,6,'Gigabyte TRX40 Designare','<p>sTRX4, AMD TRX40, DDR4, USB 3.2, SATA3, ATX Form Factor</p><p>&nbsp;</p><p>-Supports 3rd Gen AMD Ryzen Threadripper Processors<br>-Quad Channel ECC/ Non-ECC Unbuffered DDR4, 8 DIMMs<br>-16+3 Phases Infineon Digital VRM Solution with 70A Power Stage<br>-Triple Thermal Protection with Fin-Arrays and 8mm Maga-Heatpipe<br>-Dual Intel Gigabit LAN with cFosSpeed to shorten response time<br>-4 Ultra-Fast NVMe PCIe 4.0 x4 M.2 with Enlarged Thermal Guards<br>-Onboard Intel WiFi 6 802.11ax 2T2R &amp; BT 5 with Antenna<br>-120dB SNR AMP-UP Audio with ALC1220-VB and WIMA Audio Capacitors<br>-Bundled 40Gb/s GC-Titan Ridge Add-In Card<br>-Exclusive AORUS Gen4 AIC Adaptor for Extra 4 NVMe PCIe 4.0/3.0 x4 M.2<br>-USB TurboCharger for Mobile Device Fast Charge Support<br>-RGB FUSION with Multi-Zone Addressable LED Light Show Design, Support Addressable LED &amp; RGB LED Strips<br>-Smart Fan 5 features Multiple Temperature Sensors, Hybrid Fan Headers with FAN STOP and Noise Detection<br>-Front &amp; Rear USB 3.2 Gen 2 Type-C Header<br>-Q-Flash Plus Update BIOS Without Installing CPU, Memory and Graphics Card<br><br><br>CPU<br>AMD Socket sTRX4:<br>Support 3rd Generation AMD Ryzen Threadripper processors<br>(Please refer \"CPU Support List\" for more information.)<br><br>Chipset<br>AMD TRX40<br><br>Memory<br>8 x DDR4 DIMM sockets supporting up to 256 GB (32 GB single DIMM capacity) of system memory<br>Quad Channel memory architecture<br>Support for DDR4 4400(O.C.) / 4266(O.C.) / 4133(O.C.) / 4000(O.C.) / 3866(O.C.) / 3733(O.C.) / 3600(O.C.) / 3466(O.C.) / 3400(O.C.) / 3333(O.C.) / 3300(O.C.) / 3200 / 2933 / 2667 / 2400 / 2133 MHz memory modules<br>Support for ECC Un-buffered DIMM 1Rx8/2Rx8 memory modules<br>Support for non-ECC Un-buffered DIMM 1Rx8/2Rx8/1Rx16 memory modules<br>Support for Extreme Memory Profile (XMP) memory modules</p><p><br>&nbsp;</p>',3000,100,12990000,40),(67,6,'Gigabyte TRX40 Aorus Master','<p>sTRX4, AMD TRX40, DDR4, USB 3.2, SATA3, ATX Form Factor</p><p>&nbsp;</p><p>-Supports 3rd Gen AMD Ryzen Threadripper Processors<br>-Quad Channel ECC/ Non-ECC Unbuffered DDR4, 8 DIMMs<br>-16+3 Phases Infineon Digital VRM Solution with 70A Power Stage<br>-Advanced Thermal Design with Fins-Array Heatsink, Heatpipe with Extended Heatsink and NanoCarbon Baseplate<br>-AQUANTIA 5GbE LAN and Intel GbE LAN with cFosSpeed<br>-3 Ultra-Fast NVMe PCIe 4.0 x4 M.2 with Thermal Guards<br>-Onboard Intel WiFi 6 802.11ax 2T2R &amp; BT 5<br>-130dB SNR AMP-UP Audio with High-End ESS SABRE 9218 DAC, ALC1220-VB and WIMA Audio Capacitors<br>-USB TurboCharger for Mobile Device Fast Charge Support<br>-RGB FUSION 2.0 with Multi-Zone Addressable LED Light Show Design, Support Addressable LED &amp; RGB LED Strips<br>-Smart Fan 5 Features Multiple Temperature Sensors, Hybrid Fan Headers with FAN STOP and Noise Detection<br>-Front &amp; Rear USB 3.2 Gen 2 Type-C Header<br>-Q-Flash Plus Update BIOS Without Installing CPU, Memory and Graphics Card<br><br><br>CPU<br>AMD Socket sTRX4:<br>Support 3rd Generation AMD Ryzen Threadripper processors<br>(Please refer \"CPU Support List\" for more information.)<br><br>Chipset<br>AMD TRX40<br><br>Memory<br>8 x DDR4 DIMM sockets supporting up to 256 GB (32 GB single DIMM capacity) of system memory<br>Quad Channel memory architecture<br>Support for DDR4 4400(O.C.) / 4266(O.C.) / 4133(O.C.) / 4000(O.C.) / 3866(O.C.) / 3733(O.C.) / 3600(O.C.) / 3466(O.C.) / 3400(O.C.) / 3333(O.C.) / 3300(O.C.) / 3200 / 2933 / 2667 / 2400 / 2133 MHz memory modules<br>Support for ECC Un-buffered DIMM 1Rx8/2Rx8 memory modules<br>Support for non-ECC Un-buffered DIMM 1Rx8/2Rx8/1Rx16 memory modules<br>Support for Extreme Memory Profile (XMP) memory modules<br>(Please refer \"Memory Support List\" for more information.)</p>',3000,100,9990000,40),(68,5,'ASRock X399 Taichi','<p>TR4 ,AMD Promontory X399, DDR4, USB3.1, SATA3, ATX Form Factor</p><p>&nbsp;</p><p>-ASRock Super Alloy&nbsp;<br>-Supports AMD TR4 Socket Ryzen Threadripper Series CPUs&nbsp;<br>-IR Digital PWM, 11 Power Phase &amp; Dr. MOS&nbsp;<br>-Supports Quad Channel DDR4 3600+(OC) &amp; ECC UDIMM Memory&nbsp;<br>-4 PCIe 3.0 x16, 1 PCIe 2.0 x1&nbsp;<br>-NVIDIA 4-Way SLI, AMD 4-Way CrossFireX&nbsp;<br>-7.1 CH HD Audio (Realtek ALC1220 Audio Codec), Supports DTS Connect&nbsp;<br>-8 SATA3, 3 Ultra M.2 (PCIe Gen3 x4 &amp; SATA3)&nbsp;<br>-2 USB 3.1 Gen2 10Gb/s (1 Type-A + 1 Type-C), 12 USB 3.1 Gen1 (4 Front, 8 Rear)&nbsp;<br>-1 U.2 Connector&nbsp;<br>-Dual Intel Gigabit LAN&nbsp;<br>-Intel 802.11ac WiFi&nbsp;<br>-ASRock RGB LED&nbsp;<br>-BIOS Flashback&nbsp;<br>-Hyper BCLK Engine III&nbsp;<br><br><br>Unique Feature&nbsp;<br>ASRock USB 3.1 Gen2&nbsp;<br>- ASRock USB 3.1 Gen2 Type-A Port (10 Gb/s)&nbsp;<br>- ASRock USB 3.1 Gen2 Type-C Port (10 Gb/s)&nbsp;<br>ASRock Super Alloy&nbsp;<br>- XXL Aluminum Alloy Heatsink&nbsp;<br>- Premium 60A Power Choke&nbsp;<br>- Premium Memory Alloy Choke (Reduces 70% core loss compared to iron powder choke)&nbsp;<br>- IR3555M Dr. MOS 60A&nbsp;<br>- Nichicon 12K Black Caps (100% Japan made high quality conductive polymer capacitors)&nbsp;<br>- I/O Armor&nbsp;<br>- Matte Black PCB&nbsp;<br>- High Density Glass Fabric PCB&nbsp;<br>Intel 802.11ac WiFi&nbsp;<br>ASRock Steel Slots&nbsp;<br>ASRock Ultra M.2 (PCIe Gen3 x4 &amp; SATA3)&nbsp;<br>ASRock Ultra USB Power&nbsp;<br>ASRock Full Spike Protection (for all USB, Audio, LAN Ports)&nbsp;<br>ASRock Live Update &amp; APP Shop&nbsp;<br><br>CPU&nbsp;<br>- Supports AMD TR4 Socket Ryzen Threadripper Series CPUs&nbsp;<br>- IR Digital PWM&nbsp;<br>- 11 Power Phase design&nbsp;<br>- Supports ASRock Hyper BCLK Engine III&nbsp;<br><br>Chipset&nbsp;<br>- AMD X399&nbsp;<br><br>Memory&nbsp;<br>- Quad Channel DDR4 Memory Technology&nbsp;<br>- 8 x DDR4 DIMM Slots&nbsp;<br>- Supports DDR4 3600+(OC)/3200(OC)/2933(OC)/2667/2400/2133 ECC &amp; non-ECC, un-buffered memory&nbsp;<br>- Max. capacity of system memory: 128GB*&nbsp;<br>- 15 Gold Contact in DIMM Slots</p>',3000,100,5580000,40),(69,5,'ASRock X399 Phantom Gaming 6','<p>TR4 ,AMD Promontory X399, DDR4, USB3.1, SATA3</p><p>&nbsp;</p><p>Supports AMD TR4 Socket Ryzen Threadripper X Series CPUs (180W)</p><p>ATX Form Factor<br>Digital PWM, 8 Power Phase &amp; Dr. MOS<br>Supports DDR4 3400+(OC)<br>3 PCIe 3.0 x16, M.2 Key-E for WiFi<br>NVIDIA 3-Way SLI, AMD 3-Way CrossFireX<br>7.1 CH HD Audio (Realtek ALC1220 Audio Codec), Supports Creative Sound Blaster Cinema 5<br>8 SATA3, 3 Ultra M.2 (PCIe Gen3 x4 &amp; SATA3)<br>2 USB 3.1 Gen2 10Gb/s (1 Type-A + 1 Type-C),<br>12 USB 3.1 Gen1 (4 Front, 8 Rear)<br>Phantom Gaming 2.5G LAN, Intel Gigabit LAN<br>Polychrome RGB SYNC</p><p><br>&nbsp;</p>',3000,100,4450000,40),(70,7,'Asus ROG Zenith Extreme Alpha','<p>TR4 ,AMD Promontory X399, DDR4, USB3.1, SATA3</p><p>&nbsp;</p><p>AMD TR4 socket: Ready for 1st and 2nd Gen AMD Ryzen Threadripper processor series to maximize connectivity and speed with up to three M.2 drives and USB 3.1 Gen 2. ATX Form Factor.<br>Comprehensive thermal design: Active heatsink with integrated VRM fan, PCIe-zone M.2 aluminum heatsink and dual backplates.<br>High-performance networking: Onboard Aquantia 10Gbps LAN, 802.11ac Wi-Fi with MU-MIMO support, and Intel gigabit LAN with ASUS LANGuard and GameFirst V technologies.<br>5-Way Optimization: Automated system-wide tuning, providing overclocking and cooling profiles that are tailor made for your rig.<br>SafeSlot technology: Firmly-anchored PCIe slots fortified with metal to support heavyweight graphics cards.<br>Unmatched personalization: LiveDash OLED and ASUS-exclusive Aura Sync RGB lighting, including two RGB headers and addressable headers.<br>Industry-leading ROG audio: SupremeFX S1220 and ESS SABRE9018Q2C for enthusiast-grade audio performance driven by Japanese capacitors.</p>',3000,100,10300000,40),(71,7,'Asus ROG Zenith Extreme','<p>TR4 ,AMD Promontory X399, DDR4, USB3.1, SATA3, ATX Form Factor</p><p>&nbsp;</p><p>AMD TR4 socket: Ready for 1st and 2nd Gen AMD Ryzen Threadripper processor series to maximize connectivity and speed with up to three M.2 drives and USB 3.1 Gen 2.<br>Comprehensive thermal design: Active heatsink with integrated VRM fan, PCIe-zone M.2 aluminum heatsink and dual backplates.<br>High-performance networking: Onboard Aquantia 10Gbps LAN, 802.11ac Wi-Fi with MU-MIMO support, and Intel gigabit LAN with ASUS LANGuard and GameFirst V technologies.<br>5-Way Optimization: Automated system-wide tuning, providing overclocking and cooling profiles that are tailor made for your rig.<br>SafeSlot technology: Firmly-anchored PCIe slots fortified with metal to support heavyweight graphics cards.<br>Unmatched personalization: LiveDash OLED and ASUS-exclusive Aura Sync RGB lighting, including two RGB headers and addressable headers.</p>',3000,100,8750000,40),(72,7,'Asus ROG STRIX X399-E Gaming','<p>TR4, AMD Promontory X399, DDR4, USB3.1, SATA3</p><p>&nbsp;</p><p>AMD X399 EATX Form Factor Gaming Motherboard Aura Sync RGB LED lighting, 802.11ac Wi-Fi, DDR4 3600MHz, Dual M.2, SATA 6Gbps and a USB 3.1 Gen 2 front panel connector<br>Ready for 1st and 2nd Gen AMD Ryzen Threadripper processor series<br>Synchronize RGB lighting with a vast portfolio of Aura Sync capable PC gear  now with support for addressable light strips.<br>Onboard M.2 Heatsink: Cools your M.2 drive, delivering consistent storage performance and enhanced reliability.<br>Gaming connectivity: Intel Gigabit Ethernet, LANGuard, 2x2 802.11ac Wi-Fi, Dual M.2, USB 3.1 Gen 2 Type-A and Type-C connectors.<br>Gaming audio: SupremeFX S1220A teamed with Sonic Studio III, cast an aural landscape that draws you deeper into the action.<br>5-Way Optimization: Automated system-wide tuning, providing overclocking and cooling profiles that are tailor made for your rig.<br>Gaming durability: ASUS SafeSlot and premium components for maximum durability</p>',3000,100,5450000,40),(73,7,'Asus PRIME X399-A','<p>TR4, AMD Promontory X399, DDR4, USB3.1, SATA3</p><p>&nbsp;</p><p>ATX Form Factor , Asus Prime X399-A memiliki fitur Onboard U.2, M.2 and front-panel USB 3.1 Gen 2 connector., Intel Gigabit Ethernet, AURA Sync RGB LANGuard,, Exclusive Realtek S1220A audio, Anti-moisture Coating, USBGuard dan Gold-plated x16 PCIe, serta NVM Express RAID supported.<br><br>Fitur menarik lainnya sesuai website resmi ASUS Global:<br>*Ready for 1st and 2nd Gen AMD Ryzen Threadripper series processors<br>*5-Way Optimization: One-click, system-wide tuning, delivering optimized overclocks and intelligent cooling for CPU or GPU-intensive tasks.<br>*Industry-leading cooling options: Comprehensive controls for fans and water pumps, via Fan Xpert 4 software or the acclaimed ASUS UEFI.<br>*Next-gen connectivity: Onboard U.2, M.2 and front-panel USB 3.1 Gen 2 connector.<br>*M.2 heatsink: Ultra-efficient heatsink reduces M.2 SSD temperatures by up to 20C for unthrottled transfer speeds and enhanced reliability.<br>*Aura Sync: Controllable onboard RGB lighting easily syncs with an ever-growing portfolio of Aura Sync-capable hardware.<br><br>&nbsp;</p>',3000,100,5050000,40),(74,6,'Gigabyte X399 Designare EX','<p>TR4 ,AMD Promontory X399, DDR4, USB3.1, SATA3</p><p>&nbsp;</p><p>SKU : 158201<br>Product Name : Gigabyte X399 Designare EX (TR4 ,AMD Promontory X399, DDR4, USB3.1, SATA3)<br>Brand : Gigabyte<br>Model : X399 Designare EX<br>CPU Type : AMD Ryzen Threadripper processor<br>Chipset : AMD X399<br>Memory Standard : 8 x DDR4 DIMM, 3600+*(O.C.)/ 2667/ 2400/ 2133 MHz memory modules<br>Maximum Memory Supported : 128GB Dual Channel<br>Expansion Slots : 5x PCIe x16<br>SATA Port : 8x SATA 6Gb/s<br>M.2 : 3x M.2 M key<br>Onboard Video Chipset : -<br>Multi-GPU support : AMD Quad-GPU CrossFire and 4-Way/3-Way/2-Way AMD CrossFire, NVIDIA Quad-GPU SLI and 4-Way/3-Way/2-Way NVIDIA SLI<br>Audio Chipset : Realtek ALC1220<br>LAN Chipset : 2 x Intel GbE LAN chips<br>Rear Panel Ports : PS/2 keyboard/mouse port, USB Type-C port, USB3.1 Gen2 (red), 8x USB3.1 Gen1, 2x RJ-45, 2x MMCX antenna connectors (2T2R), optical S/PDIF Out connector, 5x audio jacks<br>Form Factor : ATX Form Factor (30.5cm x 24.4cm)<br>Warranty : 3 Years<br>&nbsp;</p>',3700,100,5900000,40),(75,6,'Gigabyte X399 Aorus Pro','<p>TR4 ,AMD Promontory X399, DDR4, USB3.1, SATA3</p><p>&nbsp;</p><p>SKU : 158682<br>Product Name : Gigabyte X399 Aorus Pro (TR4 ,AMD Promontory X399, DDR4, USB3.1, SATA3)<br>Brand : Gigabyte<br>Model : X399 Aorus Pro<br>CPU Type : AMD Ryzen Threadripper processor<br>Chipset : AMD X399<br>Memory Standard : 8x DDR4 DIMM, Up to 3600+*(O.C.)/ 2667/ 2400/ 2133 MHz memory modules<br>Maximum Memory Supported : 128GB Dual Channel<br>Expansion Slots : 5x PCIe x16<br>SATA Port : 8x SATA 6Gb/s<br>M.2 : 3x M.2 M key<br>Onboard Video Chipset : -<br>Multi-GPU support : AMD Quad-GPU CrossFire and 4-Way/3-Way/2-Way AMD CrossFire, NVIDIA Quad-GPU SLI and 4-Way/3-Way/2-Way NVIDIA SLI<br>Audio Chipset : Realtek ALC1220<br>LAN Chipset : Intel GbE LAN chip<br>Rear Panel Ports : PS/2 keyboard/mouse port, USB Type-C port, USB3.1 Gen2 (red), 8x USB3.1 Gen1 ports, RJ-45 port, optical S/PDIF Out connector, 5x audio jacks<br>Form Factor : ATX Form Factor (30.5cm x 24.4cm)<br>Warranty : 3 Years</p>',1200,100,3990000,40),(76,8,'ADATA DDR4 XPG SPECTRIX D60G PC25600 3200MHz 32GB (2X16GB) Dual Channel - RGB','<p>ADATA DDR4 XPG SPECTRIX D60G PC25600 3200MHz 32GB (2X16GB) RGB</p><p>&nbsp;</p><p>ADATA DDR4 XPG SPECTRIX D60G<br>PC25600 3200MHz 32GB<br>2X16GB<br>Dual Channel<br>RGB</p>',250,6,2850000,41),(77,8,'ADATA DDR4 XPG GAMMIX D30 PC24000 3000MHz 8GB (1X8GB) Single Channel','<p>Edgy Wing-Shaped Design<br>The GAMMIX D30 features an edgy wing-shaped design that exudes a sense of power and stealth. Its encased in a gray, glossy heatspreader that contrasts beautifully with your choice of a translucent red or black top cover.<br><br>The Performance to Win<br>GAMMIX D30 brings you excellent performance with speeds ranging from 2666MHz to 4600MHz and supports Intel X299 2666MHz and AMD AM4 / Ryzen platforms.<br><br>Overclocking with Intel XMP 2.0<br>Intel Extreme Memory Profile (XMP) 2.0 makes overclocking a snap and enhances system stability. Instead of adjusting individual parameters in BIOS, you can do it right through the operating system.<br><br>Top-Quality Chips for Enhanced Durability<br>The GAMMIX D30 is built with high-quality chips selected through a strict filtering process. It also uses top-quality PCBs (Printed Circuit Board) that effectively extend the lifespan of the memory module.</p>',250,3,680000,40),(78,21,'Apacer DDR4 PC21000 2666Mhz 8GB - Panther Golden','<p>Frequency/Capacity/Voltage/Cas Latency<br>Memory Architecture<br>Intel XMP 2.0<br>PIN<br>Certificate<br>Package<br>Warranty<br>PANTHER RAGE DDR4 Illumination Gaming Memory Module<br>2666MHz/8GB/1.2V/16-16-16-36<br>x8 FBGA DRAM chip<br>Yes<br>288-pin<br>RoHS, CE, FCC, RCM, VCCI, JEDEC<br>Single Channel Package</p>',250,3,520000,40),(79,8,'ADATA DDR4 XPG SPECTRIX D40 PC19200 2400MHz 16GB (2X8GB) Dual Channel - RGB','<p>ADATA DDR4 XPG SPECTRIX D40 PC19200 2400MHz 16GB (2X8GB) Dual Channel</p><p>&nbsp;</p><p>Features<br> Mesmerizing RGB lighting  supports ASUS AURA<br>Sync, fully customizable and programmable<br> Armor-inspired design with a bright RGB LED strip<br> Supports the new Intel X299 platform and<br>implements baseline 2666MHz (via SPD settings)<br> Fast clock speeds up to 4400MHz<br> Superior power efficiency: 20% less draw than DDR3<br>(operating voltage decreased from 1.5V to 1.2V)<br> Intel XMP 2.0  more accessible overclocking<br> 10-layer PCBs for excellent stability<br> RoHS compliant<br><br>Specifications<br> Speed: DDR4 2400MHz  4400MHz<br> Module size: 16GB (8GBx2)<br> Compatibility: DDR4 2400 CL 16-16-16 at 1.2V<br> Operating temperature: 0C to 85C<br> Storage temperature: -55C to 100C<br> Operating voltage: 1.2V - 1.4V<br> Dimensions (L x W x H): 138.98 x 47.37 x 7.6mm<br> Warranty: lifetime</p>',250,6,1100000,40),(80,7,'ASUS ROG STRIX RX5700 O8G GAMING','<p>VGA ASUS - ROG-STRIX-RX5700-O8G-GAMING / STRIX GAMING RX 5700 8GB</p><p>AMD Radeon RX 5700, Boost Clock: 1750MHz</p><p>Memory Clock: 14Gbps, 8GB GDDR6 256-bit, Power Connector: 8-Pin + 6-Pin</p>',1500,249,6700000,40),(81,6,'GIGABYTE Radeon RX 570 Gaming 4G GV-RX570GAMING-4GD','<p>VGA GIGABYTE Radeon RX 570 Gaming 4G GV-RX570GAMING-4GD<br><br>Features<br>Powered by Radeon RX 570<br>WINDFORCE 2X with 90mm Blade Fan Design<br>RGB fusion 16.8M customizable color lighting<br>Stylish Metal Back Plate<br>Intuitive AORUS Graphics Engine<br><br>Core Clock<br>OC mode: 1255MHz<br>Gaming mode: 1244MHz<br><br><br>Graphics Processing<br>Radeon RX570<br>Core Clock<br>OC mode: 1255MHz<br>Gaming mode: 1244MHz<br>Process Technology<br>14 nm<br>Memory Clock<br>7000 MHz<br>Memory Size<br>4 GB<br>Memory Type<br>GDDR5<br>Memory Bus<br>256 bit<br>Digital max resolution<br>7680x4320<br>Multi-view<br>5<br>Card size<br>H=40 L=232 W=116 mm<br>PCB Form<br>ATX<br>DirectX<br>12<br>OpenGL<br>4.5<br>Recommended PSU<br>450W<br>Power Connectors<br>8 pin*1<br>I/O<br>Dual-link DVI-D *1<br>HDMI *1<br>Display Port *3<br>Package Content<br>1. Graphics card quick guide<br>2. Driver CD</p>',1500,150,2400000,40),(82,10,'ZOTAC GeForce GTX 1080 AMP Edition 8GB','<p>GPU: GeForce GTX 1080<br>CUDA cores: 2560<br>Video Memory: 8GB GDDR5X<br>Memory Bus: 256-bit<br>Engine Clock:<br>Base: 1683 MHz<br>Boost:1822 MHz<br><br>Memory Clock: 10 GHz<br>PCI Express: 3.0<br>Display Outputs<br>3 x DisplayPort 1.4<br>HDMI 2.0b<br>DL-DVI<br>HDCP Support: Yes<br>Multi Display Capability: Quad Display<br>Recommended Power Supply: 500W<br>Power Consumption: 230W<br>Power Input: Dual 8-pin<br>DirectX: 12 API feature level 12_1<br>OpenGL: 4.5<br>Cooling: Dual Fan IceStorm<br>Slot Size: Dual Slot<br>SLI: Yes, SLI HB Bridge Supported<br>Supported OS: Windows 10 / 8 / 7<br>Card Length: 300mm x 148mm</p>',2000,230,8300000,39),(83,23,'MSI Radeon RX 5700 XT 8GB DDR6 - MECH OC','<p>SKU : 162411<br>Product Name : MSI Radeon RX 5700 XT 8GB DDR6 - MECH OC<br>Brand : MSI<br>Interface : PCI Express 4.0<br>GPU : Radeon RX 5700 XT<br>Base Clock : 1670 MHz<br>Boost Clock : Up to 1925 MHz<br>Memory Clock Speed : 14Gbps<br>Memory Size : 8GB<br>Memory Interface : 256 bit<br>Memory Type : GDDR6<br>DirectX : DirectX 12<br>OpenGL : OpenGL 4.5<br>Stream Processors : 2560<br>Multi Display : 4 Displays<br>Video Output Function : DisplayPort 1.4 x3, HDMI 2.0b<br>Minimum Power Requipment : 750 Watt *Pure Power or greater PSU<br>Power Connectors : 8-pin x 1+ 6-pin x 1<br>Card Dimensions : 232 x 126 x 46 mm<br>Warranty : 2 Years</p>',2000,225,6956000,40),(84,6,'Gigabyte GeForce GTX 1660 6GB DDR5 OC','<p>SKU : 159974<br>Product Name : Gigabyte GeForce GTX 1660 6GB DDR5 OC - GV-N1660OC-6GD<br>Brand : Gigabyte<br>Interface : PCI Express 3.0<br>GPU : GeForce GTX 1660<br>Base Clock : 1785 MHz<br>Boost Clock : 1830 MHz<br>Memory Clock Speed : 8002 MHz<br>Memory Size : 6 GB<br>Memory Interface : 192 bit<br>Memory Type : GDDR5<br>DirectX : 12<br>OpenGL : 4.6<br>Cuda Cores : 1408<br>Multi Display : 4 Displays<br>Video Output Function : DisplayPort x3, HDMI 2.0<br>Minimum Power Requipment : 450 Watt Pure Power or greater PSU<br>Power Connectors : 8-pin<br>Card Dimensions : L=224 W=121 H=40 mm<br>Warranty : 2 Years</p>',2000,150,4156000,40),(85,10,'Zotac GeForce RTX 2060 6GB DDR6','<p>SKU : 162784<br>Product Name : Zotac GeForce RTX 2060 6GB DDR6<br>Brand : Zotac<br>Interface : PCI Express x16 3.0<br>GPU : NVIDIA GeForce RTX 2060<br>Base Clock : -<br>Boost Clock : 1680 MHz<br>Memory Clock Speed : 14000 Mhz<br>Memory Size : 6 GB<br>Memory Interface : 192 Bit<br>Memory Type : GDDR6<br>DirectX : DirectX 12<br>OpenGL : OpenGL 4.5<br>Cuda Cores : 1920<br>Maximum Displays : 4 Displays<br>Video Output Function : DisplayPort 1.4 x3, HDMI 2.0b<br>Minimum Power Requipment : 500 Watt *Pure Power<br>Power Connectors : 8 Pin<br>Card Dimensions : 209.6 x 119.3 x 41 mm<br>Warranty : 2 Years</p>',2000,170,5843000,40),(86,11,'Seagate HDD 2TB 7200RPM 3.5Inch','<p>SKU : 138807<br>Product Name : Seagate 2TB SATA3 - BarraCuda Series<br>Brand : Seagate<br>Series : BarraCuda<br>Capacity : 2TB<br>Interface : Sata 6.0Gb/s<br>RPM : 7200<br>Cache : -<br>Form Factor : 3.5 Inch<br>Warranty : 2 Tahun</p>',1000,6,904000,40),(87,12,'WDC 1TB SATA3 64MB - Caviar Blue - WD10EZEX 3.5Inch','<p>SKU : 138767<br>Product Name : WDC 1TB SATA3 64MB - Blue - WD10EZEX - Garansi 2 Th<br>Brand : WDC<br>Series : WD Blue<br>Capacity : 1TB<br>Interface : SATA 6.0Gb/s<br>RPM : 7200<br>Cache : 64MB<br>Form Factor : 3.5 Inch<br>Warranty : 2 Tahun</p>',1000,6,621000,40),(88,11,'Seagate 2.5\" SSHD 1TB - FireCuda Series','<p>SKU : 138898<br>Product Name : Seagate 2.5\" SSHD 1TB - FireCuda Series<br>Brand : Seagate<br>Series : FireCuda<br>Capacity : 1TB<br>Interface : SATA 6.0Gb/s<br>RPM : 5400<br>Cache : 128 MB<br>Form Factor : 2.5 Inch<br>Warranty : 2 Tahun</p>',1000,2,974000,40),(89,13,'Samsung SSD 860 EVO 500GB SATA3 SSD','<p>SKU: 155562<br>Product Name: Samsung SSD 860 EVO 500GB - Grs 5th<br>Brand: Samsung<br>Series: 860 EVO<br>Form Factor: 2.5 Inch<br>Capacity: 500GB<br>Controller: Samsung MJX Controller<br>Memory Components: Samsung V-NAND MLC<br>Interface: SATA III (6.0 Gb/s)<br>Max Sequential Read: Up to 550 MB/s<br>Max Sequential Write: Up to 520 MB/s<br>Warranty: Five-year Limited Warranty</p>',250,4,1235000,39),(90,13,'Adata SX8200PRO 512GB M.2 SATA PCIE GEN3X4 - R 3500MB/S W 3000MB/S','<p>SKU: 158730<br>Product Name: ADATA SX8200PRO 512GB M.2 SATA PCIE GEN3X4 - R 3500MB/S W 3000MB/S<br>Brand: ADATA<br>Series: SX8200PRO<br>Form Factor: M.2 SATA 2280<br>Capacity: 512GB<br>Controller: SMI<br>Memory Components: TLC<br>Interface: PCIe Gen3x4<br>Max Sequential Read: Up to 3500MB/S<br>Max Sequential Write: Up to 3000MB/S<br>Warranty: 5 Years</p>',250,7,1627000,40),(91,12,'WDC Black PC SSD 250GB M.2 NVMe PCIe','<p>SKU: 153254<br>Product Name: WDC Black PC SSD 250GB M.2 NVMe PCIe<br>Brand: WDC<br>Series: Black PC SSD<br>Form Factor: M.2 2280<br>Capacity: 250GB<br>Controller: ?<br>Memory Components: ?<br>Interface: PCIe Gen3x4<br>Max Sequential Read: Up to 3100MB/s<br>Max Sequential Write: Up to 1600MB/s<br>Warranty: 5-Year Limited Warranty</p>',250,7,959000,39),(92,12,'WDC Blue PC SSD 500GB M.2 NVMe PCIe','<p>SKU: 161353&nbsp;<br>Product Name: WDC Blue PC SSD 500GB M.2 NVMe PCIe&nbsp;<br>Brand: WDC&nbsp;<br>Series: Blue PC SSD&nbsp;<br>Form Factor: M.2 2280&nbsp;<br>Capacity: 500GB&nbsp;<br>Controller: ?&nbsp;<br>Memory Components: ?&nbsp;<br>Interface: PCIe Gen3x4&nbsp;<br>Max Sequential Read: Up to 2400MB/s&nbsp;<br>Max Sequential Write: Up to 1750MB/s&nbsp;<br>Warranty: 5-Year Limited Warranty</p>',250,7,1131000,40),(93,31,'Team MS30 128GB R 550MB/s W 460MB/s - M.2 2280','<p>SKU: 157783&nbsp;<br>Product Name: Team TM8S7128G0C101 - MS30 128GB R 550MB/s W 460MB/s - M.2 2280&nbsp;<br>Brand: Team&nbsp;<br>Series: MS30&nbsp;<br>Form Factor: M.2 2280&nbsp;<br>Capacity: 128GB&nbsp;<br>Controller: ?&nbsp;<br>Memory Components: ?&nbsp;<br>Interface: SATA3 6Gb/detik&nbsp;<br>Max Sequential Read: Up to 500MB/s&nbsp;<br>Max Sequential Write: Up to 300MB/s&nbsp;<br>Warranty: 3-year limited warranty&nbsp;<br>&nbsp;</p>',250,7,556000,40),(94,14,'PSU Seasonic Focus Gold GX-650 / FX-650 - 650W Full Modular 80 Plus Gold','<p>SKU : 155180<br>Product Name : Seasonic Focus Gold GX-650/FX-650 - 650W Full Modular - 80+ Gold Certified - 10 Years Warranty Replacement<br>Brand : Seasonic<br>Series : Focus Gold<br>Wattage : 650W<br>80 PLUS Certification : 80 Plus Gold<br>Max. Efficiency : Up to 90%<br>Cooling : Fan<br>Modular : Yes<br>Modularity : Full Modular<br>Motherboard Connector : 20+4-Pin<br>Connectors : 1x 8(4+4)pin CPU +12V<br>3x 4Pin Molex<br>2x 6+2 pin PCI-E Power<br>4x SATA Power<br>1x FDD Power<br>Form Factor : ATX<br>Warranty : 10 Years</p>',4000,650,1540000,40),(95,32,'Super Flower LEADEX Silver 550W 80 Plus Silver PSU - SF-550F14MT','<p>Super Flower LEADEX Silver 550W 80 Plus Silver PSU - SF-550F14MT<br>FEATURES<br>100% Full Modular Cabling Design For Easy Cable Management<br>80 PLUS  230V EU Internal Silver Certified, 87% 90% 87% Efficiency At 20% 50% 100% Rated Load<br>High Performance 230V AC Input (Active PFC)<br>Comply With ATX 12V. V2.2, EPS 12V. V2.91 &amp; SSI EPS 12V. V2.92 Specification<br>Comply With Energy Star Standard &amp; EuP (Energy Using Products) Regulation<br>Over Voltage Protection / Over Current Protection / Over Power Protection / Short Circuit Protection / Under Voltage Protection<br>Support All Intel/AMD Multi-Core CPU &amp; ATX/BTX Compatible Motherboards<br>Support NVIDIA SLI &amp; ATI CrossFireX High Performance Graphic Card<br>More than 2,000 times On/Off test<br>Unleaded Green Materials with RoHS/WEEE Compliance<br><br>TECH SPECS<br>Model No: SF-550F14MT<br>Wattage: 550W<br>80+ Efficiency: 20%: 87% ; 50% : 90% ; 100% : 87% (230V EU Internal Silver)<br>Intel Power Design Guide: v2.92<br>AC Input | Frequency: 220V-240V~ | 50 / 60HZ<br>Fan Size: 140mm Long Life Silent Fan<br>Dimension: 165mm(L) x 150mm(W) x 86mm(H)<br>Protection: OVP / OCP / OPP / SCP / OTP / UVP / SVP<br>Safety: cTVus / TV / CB / CE / FCC / RoHS / KCC<br>Temperature: Passed 50 Hot Testing<br><br>Full Modular Cables Connectors<br>20+4Pin: one cable (550mm)<br>(4+4Pin) CPU: one cable (650mm)<br>PCI-E 6+2Pin: one cable (550mm)<br>SLI (2 x PCI 6+2Pin): one cable (550+150mm)<br>3x SATA: one cable (500+100+100mm)<br>1x SATA + 2x Molex: one cable (500+100+100mm)<br>2x SATA + 1x Molex: one cable (500+100+100mm)</p>',3000,550,1000000,39),(96,14,'Seasonic S12III-500 500W - 80+ Bronze Certified Retail Box','<p>SKU : 164455<br>Product Name : Seasonic S12III-500 500W - 80+ Bronze Certified - 5 Years Warranty Replacement - Retail Box (NO OEM)<br>Brand : Seasonic<br>Series : S12III<br>Wattage : 500W<br>80 PLUS Certification : 80 Plus Bronze<br>Max. Efficiency : Up to 85 %<br>Cooling : Fan<br>Modular : No<br>Modularity : No<br>Motherboard Connector : 20+4-Pin<br>Connectors : 1x (8/4+4) pin CPU +12V<br>3x 4Pin Molex<br>8x (6+2 pins) PCI-E Power<br>12x SATA Power<br>1x FDD Power<br>Form Factor : ATX<br>Warranty : 5 Years Warranty Replacement</p>',3000,500,750000,40),(97,3,'Cooler Master MWE 650 White v2 80+','<p>SKU : 162627<br>Product Name : Cooler Master MWE 650 White v2 80+<br>Brand : Cooler Master<br>Series : MWE<br>Wattage : 650W<br>80 PLUS Certification : 80 Plus<br>Max. Efficiency : 80%<br>Cooling : Fan<br>Modular : No<br>Modularity : No<br>Motherboard Connector : 20+4-Pin<br>Connectors : 1x (8/4+4) pin CPU +12V<br>3x 4Pin Molex<br>4x (6+2 pins) PCI-E Power<br>6x SATA Power<br>Form Factor : ATX<br>Warranty : 2 Years</p>',3000,650,949000,40),(99,16,'CX Series CX750M 750 Watt 80 PLUS Bronze Certified Modular ATX PSU','<p>Weight<br>3.27kg<br>MTBF<br>100,000 hours<br>80 Plus<br>Bronze<br>Power<br>750 Watts<br>Fanless mode<br>No<br>Fan bearing technology<br>Sleeve<br>Fan size (mm)<br>135mm<br>C-Link Digital<br>No<br>Continuous output rated temperature (C)<br>40C<br>Dimensions<br>150mm x 86mm x 160mm<br>Modular<br>Semi<br>Sleeved cables<br>Low-Profile All Black<br>ATX Connector<br>1<br>EPS Connector<br>1<br>Floppy Connector<br>2<br>Four Pin Peripheral Connector<br>6<br>PCIe Connector<br>4<br>SATA Connector<br>8<br>Plug Type<br>EU</p>',4000,750,1545000,40),(100,17,'Monitor LED LG 24 Inch 24MP59G Gaming Monitor','<p>Screen Size 23.8<br>Panel Type IPS<br>Color Gamut (CIE 1931) sRBG over 99%<br>Color Depth (Number of Colors) 6bit+A-FRC, 16.7M colors<br>Pixel Pitch (mm) 0.2745 x 0.2745<br>Response Time 5ms GTG, 1ms MBR<br>Refresh Rate 75Hz<br>Aspect Ratio 16:9<br>Resolution 1920x1080<br>Brightness 250cd/m2<br>Contrast Ratio Mega<br>Viewing Angle 178/178<br>Surface Treatment Anti-Glare 3H<br>INPUTS/OUTPUTS<br>HDMI Yes (ver1.4)<br>Display Port Yes(1.2)<br>D-Sub Yes<br>POWER<br>Input 100~240Vac, 50/60Hz<br>Normal On (EPA) 17.1W</p>',5500,0,1745000,40),(101,17,'LG 22 LED 22MK600 - IPS Panel','<p>SKU : 158417<br>Product Name : LG 22\" LED 22MK600 - IPS Panel<br>Model : 22MK600<br>Screen Size : 21.5 Inch<br>Resolution : 1920 x 1080<br>Panel Technology : IPS<br>Refresh Rate : 75 Hz<br>Response Time : 5 ms<br>Connectivity : HDMI, D-sub, Headphone Out<br>Warranty : 3 Years<br>Fitur :<br>IPS Display<br>Color Calibrated<br>3-Side Virtually Borderless Design<br>Radeon FreeSync<br>OnScreen Control<br>Wall Mountable<br><br>&nbsp;</p>',5000,0,1459000,40),(102,17,'LG 24\" LED 24MP88HM-S IPS Panel','<p>SKU : 124627<br>Product Name : LG 24\" LED 24MP88HM-S IPS Panel<br>Model : 24MP88HM-S<br>Screen Size : 23.8 Inch<br>Resolution : 1920 x 1080<br>Panel Technology : IPS<br>Refresh Rate : 56 Hz - 75 Hz<br>Response Time : 5ms GTG<br>Connectivity : D-sub, 2 HDMI, Headphone out<br>Warranty : 3 Years<br>Fitur :<br>5Wx2 Speaker with MAXXAudio Color Calibrated<br>Picture Mode-&gt;Game<br>Flicker Safe<br>OnScreen Control SW</p>',7000,0,2600000,40),(103,17,'LG 29\" LED 29WK600','<p>SKU : 160496<br>Product Name : LG 29\" LED 29WK600<br>Model : 29WK600<br>Screen Size : 29 Inch<br>Resolution : 2560 x 1080<br>Panel Technology : IPS<br>Refresh Rate : 56Hz - 75Hz<br>Response Time : 5 ms<br>Connectivity : HDMI<br>Warranty : 3 Years<br>Fitur :<br>Layar IPS WFHD+ (2560 x 1080) 21:9 29\"<br>HDR 10<br>sRGB 99%<br>Teknologi AMD FreeSync<br>3 Side Virtually Borderless Design</p>',12000,0,3520000,38),(104,19,'Logitech M 331 Cordless Notebook Mouse','<p>SKU : 30284<br>Product Name : Logitech M 331 Cordless Notebook Mouse<br>Brand : Logitech<br>Model : M 331<br>Color : Black, Red, Blue<br>Type : Wireless<br>DPI : 1000<br>Warranty : 1 Year<br>Features :<br>- Koneksi wireless 2,4GHz<br>- Jangkauan wireless: 10 meter2<br>- Baterai: 1 x AA<br>- Teknologi sensor: Ya, 2D, mekanik<br>- Daya Tahan Baterai (tidak dapat diisi ulang): hingga 24 bulan</p>',350,1,182000,40),(105,19,'Logitech G512 Carbon RGB Mechanical Gaming Keyboard - Tactile','<p>The perfect blend of performance, advanced technologies and features, and unparalleled build quality, G512 is an RGB mechanical gaming keyboard, that includes advanced Romer-G mechanical key switches, the choice of esports professionals worldwide.<br><br>Romer-G Linear provides a completely smooth keystroke. You can personalise lighting for each individual key, customise lighting effects and enjoy in-game integration from a spectrum of ~16.8M colours with Logitech Gaming Software.<br><br>With a focus on high-end finish and performance, G512 is crafted from the highest-grade materials for durability and premium appearance.<br><br>Features:<br>- RGB and LIGHTSYNC<br>- Mechanical switches<br>- Aircraft-grade aluminium alloy<br>- USB passthrough<br>- Full function keys<br><br>Technical spec\'s:<br>- Length: 132 mm (5.1 in)<br>- Width: 445 mm (17.5 in)<br>- Height: 34 mm (1.4 in)<br>- Weight (w/o cable): 1,105 g (39.0 oz)<br>- Cable length: 1.8 m (6 ft)<br>- Romer-G key switches: Durability: 70 million keypresses \'\'\" Actuation distance: 1.5 mm \'\'\" Actuation force: 45 g \'\'\" Total travel distance: 3.0 mm</p>',2000,1,1699000,40),(106,33,'be quiet! Dark Rock Pro 4 - No Compromise Silence and Performance','<p>be quiet! Dark Rock Pro 4 - No Compromise Silence and Performance - 2x Silent Wings 135mm PWM fan<br><br>Model Dark Rock Pro 4<br>Overall dimensions without mounting material (L x W x H), (mm) 145.7 x 136 x 162.8<br>Total weight (kg) 1.13<br>TDP (W) 250<br>Socket compatibility Intel: LGA 1150 / 1151 / 1155 / 1156 / 1366 / 2011(-3) Square ILM / 2066<br>AMD: AM2(+) / AM3(+) / AM4 / FM1 / FM2(+)<br>Fan model, number 1x Silent Wings 3 120mm PWM, 1x Silent Wings 135mm PWM<br>Decoupled fan mounting <br>Overall noise level (dB(A)) @ 50/75/100% (rpm) 12.8 / 17.9 / 24.3</p>',2000,5,1280000,40),(107,4,'CUBE GAMING AURA - Lite Version RGB RING FANS (3 Pcs Ring Fan+Remote)','<p>CUBE GAMING AURA - Lite Version RGB RING FANS 12CM (3 Pcs Ring Fan + Wireless Remote )</p>',800,6,250000,40),(108,35,'Deepcool Gammaxx L120T ANTI-LEAK (BLUE/RED)','<p>Anti-leak Tech Inside system equipped.<br>E-shaped micro water-channel design can effectively enhance the heat circulation efficiency and enlarge the thermal contact area.<br>The brand new water block and fan are illuminated by static red LEDs that powered by a 4pin PWM header.<br>Ultra-large, pure copper CPU block provides effective coverage and heat dissipation for CPUs of any size.<br>The ceramic axle bearings and axle cores guarantee an ultra-long service life.<br>Support Mainstream Intel &amp; AMD Socket.<br><br>Application For<br>Intel: LGA20XX/LGA1366/LGA115X<br>AMD: AM4/AM3+/AM3/AM2+/AM2/FM2+/FM2/FM1<br><br>Technical Spec<br>Net Weight 945 g<br>Radiator Dimensions 15912027 mm<br>Radiator Material Aluminum<br>Tube Length 315 mm<br>Pump Dimensions 917947 mm<br>Pump Speed 2400 RPM10%<br>Pump Noise 17.8 dB(A)<br>Pump Connector 3-pin<br>Pump Rated Voltage 12 VDC<br>Pump Rated Current 0.21 A10%<br>Pump Power Consumption 2.52 W<br>Fan Dimension 12012025 mm<br>Fan Speed 500-1800 RPM10%<br>Fan Airflow 69.34 CFM<br>Fan Air Pressure 2.42 mmAq<br>Fan Noise 30 dB(A)<br>Fan Connector 4-pin<br>Bearing Type Hydro Bearing<br>Fan Rated Voltage 12 VDC<br>Fan Rated Current 0.22 A10%<br>Fan Power Consumption 2.64 W<br>LED Type RED LED<br>EAN 6933412726715<br>P/N DP-H12RF-GL120TR</p>',1450,5,697000,40),(145,16,'Corsair Hydro Series H60 2018 Water Cooler','<p>Cooling Warranty Five Years<br>Cold Plate Material Copper<br>Radiator Material Aluminum<br>PWM Yes<br>CORSAIR LINK compatibility Yes<br>Radiator Dimensions 157mm x 120mm x 27mm<br>Fan Dimensions 120mm<br>Fan Speed 1700 RPM<br>CLINK enabled Yes<br>Number of Fans 1<br>Cooling Socket support Intel 115x, Intel 1366, Intel 2011/2066, AMD AM2/AM3, AMD AM4, AMD FM1/FM2<br>Lighting LED<br>Radiator Size 120mm<br>Fan Model SP Series<br>Fan airflow 57.2 CFM<br>Noise level 28.3 dBA<br>Fan static pressure 2.08 mmH20</p>',1800,5,1130000,20),(148,5,'ASRock B250M Performance','<p>ASRock B250M Performance (LGA1151, B250, DDR4)</p><p>&nbsp;</p><p>SKU : 150938<br>Product Name : ASRock Fatal1ty B250M Performance (LGA1151, B250, DDR4)<br>Brand : ASRock<br>Model : Fatal1ty B250M Performance<br>CPU Type : Supports 7th and 6th Generation Intel Core i7 / i5 / i3 / Pentium / Celeron Processors (Socket 1151)<br>Chipset : B250<br>Memory Standard : 4 x DDR4 DIMM, Supports DDR4 2400/2133 non-ECC, un-buffered memory<br>Maximum Memory Supported : 64GB Dual Channel<br>Expansion Slots : 2 x PCI Express 3.0 x16, 2 x PCI Express 3.0 x1<br>SATA Port : 6 x SATA3 6.0 Gb/s<br>M.2 : 1 x Ultra M.2 supports M Key<br>Onboard Video Chipset : Integrated Graphics Processor<br>Multi-GPU support : AMD Quad CrossFireX<br>Audio Chipset : Realtek ALC892<br>LAN Chipset : Intel I219V<br>Rear Panel Ports : PS/2 Mouse Port, PS/2 Keyboard Port, D-Sub Port, DVI-D Port, HDMI Port, USB 2.0 Port, Fatal1ty Mouse Port (USB 2.0), 3 x USB 3.1 Gen1 Type-A Ports , USB 3.1 Gen1 Type-C Port, RJ-45 LAN Port with LED (ACT/LINK LED and SPEED LED), HD Audio Jacks: Line in / Front Speaker / Microphone<br>Form Factor : Micro ATX Form Factor , (24.4 cm x 24.4 cm)<br>Warranty : 3 Years</p>',1300,100,1489000,10),(149,5,'ASRock Fatal1ty Z270 Gaming K6','<p>SKU : 10530<br>Product Name : ASRock Fatal1ty Z270 Gaming K6 (LGA1151, Z270, DDR4)<br>Brand : ASRock<br>Model : Fatal1ty Z270 Gaming K6<br>CPU Type : Supports 7th and 6th Gen Intel Core i7 / i5 / i3 / Pentium / Celeron Processors (Socket 1151)<br>Chipset : Intel Z270<br>Memory Standard : 4x DDR4 DIMM, 3866+(OC) /2400**/2133 non-ECC, un-buffered memory<br>Maximum Memory Supported : 64GB Dual Channel<br>Expansion Slots : 3x PCI Express 3.0 x16, 3x PCI Express 3.0 x1, 1x M.2 Socket (Key E)<br>SATA Port : 6x SATA3 6.0 Gb/s<br>M.2 : 2x Ultra M.2 supports M Key<br>Onboard Video Chipset : Integrated Graphics Processor<br>Multi-GPU support : -<br>Audio Chipset : Realtek ALC1220<br>LAN Chipset : Intel I219V<br>Rear Panel Ports : 2x Antenna Ports, PS/2 Mouse/Keyboard Port, D-Sub, DVI-D, HDMI, Optical SPDIF Out Port, USB3.1 Gen2, USB3.1 Gen2 Type-C, 3x USB3.1 Gen1, 2x RJ-45, HD Audio Jacks<br>Form Factor : ATX Form Factor (30.5 cm x 24.4 cm)<br>Warranty : 3 Years</p>',2500,100,2135000,5),(150,6,'Gigabyte B365M-DS3H - MATX','<p>Gigabyte B365M-DS3H (LGA1151, B365, DDR4, USB3.1, SATA3)</p><p>&nbsp;</p><p>SKU : 160842<br>Product Name : Gigabyte B365M-DS3H (LGA1151V2, B365, DDR4, USB3.1, SATA3)<br>Brand : Gigabyte<br>Model : B365M-DS3H<br>CPU Type : Supports 9th and 8th Gen Intel Core Processors<br>Chipset : Intel B365<br>Memory Standard : 4x DDR4 DIMM, 2666/2400/2133 MHz memory modules<br>Maximum Memory Supported : 64 GB Dual Channel<br>Expansion Slots : 1x PCIe x16 run at x16, 1x PCIe x4, 1x PCIe x1<br>SATA Port : 6x SATA 6Gb/s<br>M.2 : 1x M.2 M key<br>Onboard Video Chipset : Integrated Graphics Processor (No Display support for models with suffix \"F\")<br>Multi-GPU support : -<br>Audio Chipset : Realtek ALC887<br>LAN Chipset : Realtek GbE LAN chip<br>Rear Panel Ports : PS/2 keyboard/mouse, D-Sub, DVI-D, HDMI, 4x USB 3.1 Gen 1s, 2x USB 2.0/1.1s, RJ-45, 3x audio jacks<br>Form Factor : Micro ATX Form Factor 22.6cm x 20.5cm<br>Warranty : 3 Years</p>',1000,100,1499000,5),(151,6,'Gigabyte Z390 Aorus Elite','<p>SKU : 158316<br>Product Name : Gigabyte Z390 Aorus Elite (LGA1151V2, Z390, DDR4, USB3.1, SATA3)<br>Brand : Gigabyte<br>Model : Z390 Aorus Elite<br>CPU Type : Supports 9th and 8th Gen Intel Core Processors<br>Chipset : Intel Z390<br>Memory Standard : 4x DDR4 DIMM, Support 4266(O.C.) 2666 / 2400 / 2133 MHz memory modules<br>Maximum Memory Supported : 128GB Dual Channel<br>Expansion Slots : 1x PCIe x16 run at x16, 1x PCIe x16 run at x4, 4x PCIe x1<br>SATA Port : 6x SATA 6Gb/s<br>M.2 : 2x M.2 M key<br>Onboard Video Chipset : Integrated Graphics Processor (No Display support for models with suffix \"F\")<br>Multi-GPU support : Support for AMD Quad-GPU CrossFire and 2-Way AMD CrossFire technologies<br>Audio Chipset : Realtek ALC1220-VB<br>LAN Chipset : Intel GbE LAN chip<br>Rear Panel Ports : 4x USB 2.0/1.1, HDMI, 4x USB3.1 Gen1, 2x USB3.1 Gen2 Type-A (red), RJ-45, optical S/PDIF Out connector, 5x audio jacks<br>Form Factor : ATX Form Factor 30.5cm x 24.4cm<br>Warranty : 3 Years</p>',1000,100,3530000,20),(152,6,'GIGABYTE X299 AORUS Gaming 7 X299 ','<p>GIGABYTE X299 AORUS Gaming 7 X299 LGA2066 DDR4 ATX Motherboard</p><p>&nbsp;</p><p>CPU: Support for Intel Core X series processors in the LGA2066 package&nbsp;<br>Chipset: Intel X299 Express Chipset&nbsp;<br>Memory: 8 x DDR4 DIMM sockets supporting up to 128 GB of system memory; Support for DDR4 4400(O.C.) / 4333(O.C.) / 4266(O.C.) / 4133(O.C.) / 4000(O.C.) / 3866(O.C.) / 3800(O.C.) / 3733(O.C.) / 3666(O.C.) / 3600(O.C.) / 3466(O.C.) / 3400(O.C.) / 3333(O.C.) / 3300(O.C.) / 3200(O.C.) / 3000(O.C.) / 2800(O.C.) / 2666(O.C.) / 2400 / 2133 MHz memory modules&nbsp;<br>Audio: Realtek ALC1220 codec&nbsp;<br>LAN: 1 x Intel GbE LAN chip (10/100/1000 Mbit) (LAN1); 1 x Rivet Networks Killer E2500 LAN chip (10/100/1000 Mbit) (LAN2)&nbsp;<br>Wireless Communication module: Killer Wireless-AC 1535&nbsp;<br>Expansion Slots: 2 x PCI Express x16 slots, running at x16 (PCIEX16_1, PCIEX16_2); 1 x PCI Express x16 slot, running at x8 (PCIEX8); 2 x PCI Express x16 slots, running at x4 (PCIEX4_1, PCIEX4_2)&nbsp;<br>Storage Interface: Chipset: 1 x M.2 connector (Socket 3, M key, type 2260/2280 SATA and PCIe x4/x2 SSD support) (M2P_32G); 1 x M.2 connector (Socket 3, M key, type 2260/2280/22110 PCIe x4/x2 SSD support) (M2M_32G); 1 x M.2 connector (Socket 3, M key, type 2242/2260/2280 SATA and PCIe x4/x2 SSD support) (M2Q_32G); 8 x SATA 6Gb/s connectors; Support for RAID 0, RAID 1, RAID 5, and RAID 10&nbsp;<br>Multi-Graphics Technology: Support for NVIDIA Quad-GPU SLI and 3-Way* /2-Way NVIDIA SLI technologies; Support for AMD Quad-GPU CrossFire and 3-Way* /2-Way AMD CrossFire technologies&nbsp;<br>Form Factor: ATX Form Factor ; 30.5cm x 24.4cm</p>',1500,100,7070000,5),(153,29,'Biostar B350ET2','<p>Biostar B350ET2 (AM4, AMD Promontory B350, DDR4, USB3.1, SATA3)</p><p>FEATURES<br>VIVID LED DJ<br>5050 LED FUN ZONE<br>Supports PURO Hi-Fi<br>Supports 100% Solid capacitor<br>Supports BIOS-Flasher<br>Supports BIOS Online Update<br><br>TECH SPECS<br>Chipset: AMD B350<br>CPU SUPPORT: AMD A-series APU / Ryzen CPU / NPU for Socket AM4; Maximum CPU TDP (Thermal Design Power): 95Watt<br>MEMORY: Support Dual Channel DDR4 3200(OC)/ 2933(OC)/ 2667/ 2400/ 2133/ 1866 MHz; Support Non-ECC &amp; ECC Un-buffered DIMM Memory modules; 4 x DDR4 DIMM Memory Slot; Max. Supports up to 64GB Memory<br>EXPANSION SLOT: 1 x PCI-E 3.0 x16 Slot(x16 for Ryzen CPU only, NPU/APU run at x8 speed), 2 x PCI-E 3.0 x1 Slot<br>STORAGE: 4 x SATA3 Connector<br>USB: 4 x USB 3.1 Gen1 Port, 1 x USB 3.1 Gen1 Header, 2 x USB 2.0 Port, 2 x USB 2.0 Port(only 5V power, up to 1.5A), 2 x USB 2.0 Header<br>LAN: Realtek RTL8111H - 10/100/1000 Controller<br>INTEGRATED VIDEO: By CPU model<br>CODEC: Realtek ALC887 8-Channel HD Audio<br>REAR I/O: 1 x PS/2 Mouse, 1 x PS/2 Keyboard, 4 x USB 3.1 Gen1 Port, 2 x USB 2.0 Port, 2 x USB 2.0 Port(only 5V power, up to 1.5A), 1 x DVI-D Connector, resolution up to 1920 x 1200 @60Hz, 1 x RJ-45 Port, 3 x Audio Connector<br>INTERNAL I/O: 1 x USB 3.1 Gen1 Header, 2 x USB 2.0 Header, 4 x SATA3 6Gb/s Connector, 1 x SATA Power Connector(for rear USB power enhancement), 1 x Front Audio Header, 1 x Front Panel Header, 1 x CPU Fan Header, 1 x System Fan Header, 1 x Serial Header, 2 x 5050 LED Header<br>DIMENSION: Micro ATX Form Factor Dimension: 22.6cm x 19.8cm ( W x L )<br>BUNDLE SOFTWARE: Racing GT Utility, BullGuard, Smart Speed LAN(Windows 7 only)<br>ACCESSORIES: 2 x SATA Cable, 1 x I/O Shield, 1 x DVD Driver, 1 x User Manual</p>',800,100,1160000,10),(154,5,'ASRock B450M-HDV','<p>ASRock B450M-HDV (AM4, AMD Promontory B450, DDR4, USB3.1, SATA3)</p><p>&nbsp;</p><p>SKU : 157483<br>Product Name : ASRock B450M-HDV (AM4, AMD Promontory B450, DDR4, USB3.1, SATA3)<br>Brand : ASRock<br>Model : B450M-HDV<br>CPU Type : AMD AM4 Socket<br>Chipset : B450<br>Memory Standard : 2 x DDR4 DIMM, Supports DDR4 3200+ (OC)<br>Maximum Memory Supported : 32GB Dual Channel<br>Expansion Slots : 1 PCIe 3.0 x16, 1 PCIe 2.0 x1<br>SATA Port : 4 x SATA3 6.0 Gb/s<br>M.2 : 1 Ultra M.2 (PCIe Gen3 x4 &amp; SATA3)<br>Onboard Video Chipset : Integrated AMD Radeon Graphics (APU Only)<br>Multi-GPU support : -<br>Audio Chipset : Realtek ALC887<br>LAN Chipset : Realtek RTL8111H<br>Rear Panel Ports : PS/2 Mouse/Keyboard Port, D-Sub Port, DVI-D Port, HDMI Port, 2 x USB 2.0 Ports, 4 x USB 3.1 Gen1 Ports, RJ-45 LAN Port with LED, HD Audio Jacks: Line in / Front Speaker / Microphone<br>Form Factor : Micro ATX Form Factor (23.1 cm x 20.6 cm)<br>Warranty : 3 Years</p>',1200,100,1050000,9),(155,6,'Gigabyte B450 Aorus ELITE','<p>Gigabyte B450 Aorus ELITE (AM4, AMD B450, DDR4, USB3.1, SATA3)</p><p>&nbsp;</p><p>SKU : 159627<br>Product Name : Gigabyte B450 Aorus Elite (AM4, AMD Promontory B450, DDR4, USB3.1, SATA3)<br>Brand : Gigabyte<br>Model : B450 Aorus Elite<br>CPU Type : Supports AMD Ryzen 1st and 2nd Generation/ Ryzen with Radeon Vega Graphics/ Athlon with Radeon Vega Graphics<br>Chipset : B450<br>Memory Standard : 4 x DDR4 DIMM, Support for DDR4 3600(O.C.)/3466(O.C.)/3200(O.C.)/2933/2667/2400/2133 MHz memory modules<br>Maximum Memory Supported : 64GB Dual channel<br>Expansion Slots : 1 x PCI Express x16, 1 x PCI Express x16, 2 x PCI Express x1<br>SATA Port : 6 x SATA 6Gb/s<br>M.2 : 2 x M.2 M key<br>Onboard Video Chipset : Integrated Graphics Processor<br>Multi-GPU support : Support for AMD Quad-GPU CrossFire and 2-Way AMD CrossFire technologies<br>Audio Chipset : Realtek ALC892<br>LAN Chipset : Realtek GbE LAN chip<br>Rear Panel Ports : 1 x PS/2 keyboard/mouse port, 1 x DVI-D port, 1 x HDMI port, 4 x USB 3.1 Gen 1 ports, 4 x USB 2.0/1.1 ports, 1 x RJ-45 port, 6 x audio jacks<br>Form Factor : ATX Form Factor (30.5cm x 23.5cm)<br>Warranty : 3 Years<br><br>&nbsp;</p>',1200,100,1920000,20),(156,7,'Asus PRIME B450-PLUS','<p>PRIME B450-PLUS (AM4, AMD Promontory B450, DDR4, USB3.1, SATA3)</p><p>&nbsp;</p><p>SKU : 158897<br>Product Name : Asus PRIME B450-PLUS (AM4, AMD Promontory B450, DDR4, USB3.1, SATA3)<br>Brand : Asus<br>Model : PRIME B450-PLUS<br>CPU Type : AMD AM4 Socket AMD Ryzen 2nd Gen/Ryzen with Radeon Vega Graphics/Ryzen 1st Gen Processors<br>Chipset : AMD B450<br>Memory Standard : 4 x DDR4 DIMM, 3200(O.C.)/3000(O.C.)/2800(O.C.)/2666/2400/2133 MHz Un-buffered Memory<br>Maximum Memory Supported : 64GB Dual Channel<br>Expansion Slots : 2x PCIe 3.0/2.0 x16, 3 x PCIe 2.0 x1<br>SATA Port : 4x SATA 6Gb/s<br>M.2 : 1x M.2 with M key<br>Onboard Video Chipset : Integrated AMD Radeon Graphics (APU Only)<br>Multi-GPU support : AMD CrossFireX<br>Audio Chipset : Realtek ALC887-VD2<br>LAN Chipset : Realtek RTL8111H<br>Rear Panel Ports : PS/2 keyboard/mouse combo port(s), DVI-D, HDMI, LAN (RJ45), 5Gb/s port(s) USB Type-CTM, 2x USB3.1 Gen2 (teal blue)Type-A, 2x USB3.1 Gen1 (blue) Type-A, 2x USB2.0, 3x Audio jack(s)<br>Form Factor : ATX Form Factor (30.5 cm x 23.4 cm)<br>Warranty : 3 Years</p>',1200,100,1626000,10),(157,5,'ASRock B450 Gaming-ITX','<p>ASRock B450 Gaming-ITX (AM4, AMD Promontory B450, DDR4, USB3.1, SATA3)</p><p>&nbsp;</p><p>SKU : 157958<br>Product Name : ASRock B450 Gaming-ITX (AM4, AMD Promontory B450, DDR4, USB3.1, SATA3)<br>Brand : ASRock<br>Model : B450 Gaming-ITX<br>CPU Type : AMD AM4 Socket<br>Chipset : AMD Promontory B450<br>Memory Standard : 2x DDR4 DIMM, Supports DDR4 3466+ (OC)/ 2933/2667/2400/2133 non-ECC, un-buffered memory<br>Maximum Memory Supported : 32GB Dual Channel<br>Expansion Slots : 1x PCI Express 3.0 x16, 1 x Vertical M.2 Socket (Key E)<br>SATA Port : 4 x SATA3 6.0 Gb/s<br>M.2 : 1 x Ultra M.2 Socket, supports M Key<br>Onboard Video Chipset : Integrated AMD Radeon Graphics (APU Only)<br>Multi-GPU support : -<br>Audio Chipset : Realtek ALC1220<br>LAN Chipset : GigaLAN Intel I211AT<br>Rear Panel Ports : 2 x Antenna, PS/2 Mouse/Keyboard, HDMI Port, DisplayPort 1.2, Optical SPDIF Out Port, 2 x USB2.0, USB3.1 Gen2 Type-A, USB3.1 Gen2 Type-C, 2 x USB3.1 Gen1, RJ-45 LAN Port with LED (ACT/LINK LED and SPEED LED), HD Audio Jacks: Rear Speaker / Central / Bass / Line in / Front Speaker / Microphone (Gold Audio Jacks)<br>Form Factor : Mini-ITX Form Factor (17.0 cm x 17.0 cm)<br>Warranty : 3 Years</p>',1200,100,2161000,5),(158,23,'MSI X370 Gaming Plus','<p>Supports AMD RYZEN Series processors and 7th Gen A-series / AthlonTM Processors for socket AM4&nbsp;</p><p>ATX Form Factor<br>Supports DDR4-3200+(OC) Memory&nbsp;<br>DDR4 Boost: Give your DDR4 memory a performance boost&nbsp;<br>VR Ready and VR Boost: Best virtual reality game experience without latency, reduces motion sickness&nbsp;<br>Lightning Fast Game experience: Turbo M.2, Lightning USB 3.1 Gen2&nbsp;<br>Audio Boost: Reward your ears with studio grade sound quality for the most immersive gaming experience&nbsp;<br>GAMING LAN with LAN Protect: The best online gaming experience with lowest latency and bandwidth management&nbsp;<br>Military Class 4, Guard-Pro: Latest evolution in high quality components for best protection and efficiency&nbsp;<br>MULTI-GPU: With Steel Armor PCI-E slots. Supports NVIDIA SLI &amp; AMD Crossfire&nbsp;<br>Mystic Light Sync: Synchronize other RGB solutions with your gaming rig and control all LEDs in one click&nbsp;<br>In-Game Weapons: Game Boost, GAMING Hotkey, X-Boost&nbsp;<br>EZ Debug LED: Easiest way to troubleshoot&nbsp;<br>Click BIOS 5: Award-winning BIOS with high resolution scalable font, favorites and search function&nbsp;<br>GAMING CERTIFIED: 24-hour on- and offline game and motherboard testing by eSports players&nbsp;<br>WHQL certified for Windows 10</p>',1200,100,1766000,10),(159,6,'Gigabyte X470 Aorus Gaming 7 Wifi','<p>SKU : 156358<br>Product Name : Gigabyte X470 Aorus Gaming 7 Wifi (AM4, AMD Promontory X470, DDR4, USB3.1, SATA3)<br>Brand : Gigabyte<br>Model : X470 Aorus Gaming 7 Wifi<br>CPU Type : AMD 3rd / 2nd / 1st Gen Ryzen / Ryzen with Radeon Vega Graphics / Athlon with Radeon Vega Graphics Processors<br>Chipset : AMD X470<br>Memory Standard : 4 x DDR4 DIMM, Up to 4133(O.C.)/ 2933 / 2667 / 2400 / 2133 MHz memory modules<br>Maximum Memory Supported : 64GB Dual Channel<br>Expansion Slots : 3x PCIe x16, 2x PCIe x1<br>SATA Port : 6 x SATA 6Gb/s<br>M.2 : 2x M.2 M key<br>Onboard Video Chipset : Integrated AMD Radeon Graphics (APU Only)<br>Multi-GPU support : NVIDIA Quad-GPU SLI and 2-Way NVIDIA SLI, AMD Quad-GPU CrossFire and 2-Way AMD CrossFire<br>Audio Chipset : Realtek ALC1220-VB<br>LAN Chipset : Intel GbE LAN chip<br>Rear Panel Ports : power/reset button, Clear CMOS button, 2x MMCX antenna connectors (2T2R), 6x USB3.1 Gen1 ports, USB Type-C, USB3.1 Gen2(red), 2x USB 2.0/1.1, RJ-45 port, optical S/PDIF Out connector, 5x audio jacks<br>Form Factor : ATX Form Factor (30.5cm x 24.4cm)<br>Warranty : 3 Years</p>',1200,100,3625000,5),(160,6,'Gigabyte X570 I Aorus Pro Wifi - Mini-ITX','<p>SKU : 161672<br>Product Name : Gigabyte X570 I Aorus Pro Wifi (AM4, AMD Premium X570, DDR4, USB3.2, SATA3)<br>Brand : Gigabyte<br>Model : X570 I Aorus Pro Wifi<br>CPU Type : Supports AMD 3rd / 2nd / Ryzen with Radeon Vega Graphics Graphics Processors<br>Chipset : AMD X570<br>Memory Standard : 4 x DDR4 DIMM, Up to 4400(O.C.)/ 2933 / 2667 / 2400 / 2133 MHz memory modules<br>Maximum Memory Supported : 64GB Dual Channel<br>Expansion Slots : 1x PCI Express x16, 1x M.2 (M2_WIFI)<br>SATA Port : 4 x SATA 6Gb/s<br>M.2 : 1 x M.2 Socket 3, M key<br>Onboard Video Chipset : Integrated AMD Radeon Graphics (APU Only)<br>Multi-GPU support : -<br>Audio Chipset : Realtek ALC1220-VB<br>LAN Chipset : Intel GbE LAN chip<br>Rear Panel Ports : DisplayPort, 2 x HDMI ports, USB3.2 Gen2, 4x USB3.2 Gen1 ports, USB Type-C, Q-Flash Plus button, RJ-45 port, 2x SMA antenna connectors (2T2R), 3x audio jacks<br>Form Factor : Mini-ITX Form Factor (17.0cm x 17.0cm)<br>Warranty : 3 Years</p>',1200,100,4333000,10),(161,23,'MSI MPG X570 Gaming Edge Wifi','<p>SKU : 161395</p><p>Product Name : MSI MPG X570 Gaming Edge Wifi (AM4, AMD Premium X570, DDR4, USB3.2, SATA3)</p><p>Brand : MSI</p><p>Model : MPG X570 Gaming Edge Wifi</p><p>CPU Type : Supports 2nd and 3rd Gen AMD Ryzen/ Ryzen with Radeon Vega Graphics for Socket AM4</p><p>Chipset : AMD X570</p><p>Memory Standard : 4x DDR4 DIMM, Up to 4400(O.C) / 2666/ 2400/ 2133 MHz</p><p>Maximum Memory Supported : 128GB Dual-Channel</p><p>Expansion Slots : 1x PCIe 4.0/ 3.0 x16, 1x PCIe 4.0/ 3.0 x16, 3x PCIe 3.0 x1</p><p>SATA Port : 6x SATA 6Gb/s</p><p>M.2 : 2x M.2 slots (Key M)</p><p>Onboard Video Chipset : Integrated AMD Radeon Graphics (APU Only)</p><p>Multi-GPU support : Supports 2-Way AMD CrossFire Technology</p><p>Audio Chipset : Realtek ALC1220</p><p>LAN Chipset : Realtek 8111H</p><p>Rear Panel Ports : Keyboard / Mouse, Wireless / Bluetooth, USB 3.2 Gen1 Type-A, LAN, Audio Connectors, Flash BIOS Button, USB 2.0, HDMI, USB 3.2 Gen2 Type-A + C, USB 3.2 Gen2 Type-A, Optical S/PDIF out</p><p>Form Factor : ATX Form Factor (30.4 cm x 24.3 cm)</p><p>Warranty : 3 Years</p>',1200,100,3788000,10),(162,5,'ASRock B365M Phantom Gaming 4','<p>SKU : 159841<br>Product Name : ASRock B365M Phantom Gaming 4 (LGA1151V2, B365, DDR4, USB3.1, SATA3)<br>Brand : ASRock<br>Model : B365M Phantom Gaming 4<br>CPU Type : Supports 9th and 8th Gen Intel Core processors (Socket 1151)<br>Chipset : B365<br>Memory Standard : 4 x DDR4 DIMM, Supports DDR4 2666 / 2400 / 2133 non-ECC, un-buffered memory<br>Maximum Memory Supported : 64 GB Dual channel<br>Expansion Slots : 2 PCIe 3.0 x16, 1 PCIe 3.0 x1, 1 M.2 Key E for WiFi<br>SATA Port : 6 x SATA 6Gb/s<br>M.2 : 1 Ultra M.2 (PCIe Gen3 x4), 1 Ultra M.2 (PCIe Gen3 x4 &amp; SATA3)<br>Onboard Video Chipset : Integrated Graphics Processor (No Display support for models with suffix \"F\")<br>Multi-GPU support : AMD Quad CrossFireX<br>Audio Chipset : Realtek ALC1200<br>LAN Chipset : Giga PHY Intel I219V<br>Rear Panel Ports : PS/2 Mouse/Keyboard Port, HDMI Port, DisplayPort 1.2, Optical SPDIF Out Port, 2 x USB 2.0, USB 3.1 Gen1 Type-C, 4 x USB 3.1 Gen1, RJ-45 LAN Port with LED, HD Audio Jacks: Rear Speaker / Central / Bass / Line in / Front Speaker / Microphone (Gold Audio Jacks)<br>Form Factor : Micro ATX Form Factor (24.4 cm x 24.2 cm)<br>Warranty : 3 Years</p>',1200,100,1430000,10),(163,5,'ASROCK Z390 Phantom Gaming mini ITX/AC','<p>Supports 9th and 8th Gen Intel Core processors (Socket 1151)<br>Supports DDR4 4500MHz+ (OC)<br>1 PCIe 3.0 x16<br>Graphics Output Options: HDMI, DisplayPort<br>7.1 CH HD Audio (Realtek ALC1220 Audio Codec), Supports Creative Sound Blaster Cinema 5<br>1 Intel Thunderbolt 3 Type-C<br>4 SATA3, 2 Ultra M.2 (PCIe Gen3 x4 &amp; SATA3)<br>4 USB 3.1 Gen2 10Gb/s (Rear)<br>4 USB 3.1 Gen1 (2 Front, 2 Rear)<br>Intel Gigabit LAN<br>Intel 2T2R Dual Band 802.11ac WiFi (2.4/5GHz), supports up to 1.73Gbps wireless network and BT v5.0<br>ASRock Polychrome SYNC</p><p>Mini-ITX Form Factor<br><br>Specification<br><br>Gaming Armor<br>Power<br>- Hi-Density Power Connector<br>Memory<br>- 15 Gold Contact in DIMM Slots<br>VGA Card<br>- 15 Gold Contact in VGA PCIe Slot (PCIE1)<br>Internet<br>- Intel LAN<br>Cooling<br>- 8 Layer PCB<br>- 4 x 2oz copper<br>- Heat Pipe Design<br>Audio<br>- Creative Sound Blaster Cinema 5<br>Unique Feature<br>ASRock USB 3.1 Gen2<br>- ASRock USB 3.1 Gen2 Type-A Ports (10 Gb/s)<br>ASRock Super Alloy<br>- Premium 60A Power Choke<br>- 60A Dr.MOS<br>- Nichicon 12K Black Caps (100% Japan made high quality conductive polymer capacitors)<br>- Matte Black PCB<br>- High Density Glass Fabric PCB<br>Intel 802.11ac WiFi<br>ASRock Steel Slots<br>ASRock Full Coverage M.2 Heatsink<br>ASRock Ultra M.2 (PCIe Gen3 x4 &amp; SATA3)<br>ASRock Full Spike Protection (for all USB, Audio, LAN Ports)<br>ASRock Live Update &amp; APP Shop<br>CPU<br>- Supports 9th and 8th Gen Intel Core Processors (Socket 1151)<br>- Digi Power design<br>- 7 Power Phase design<br>- Supports Intel Turbo Boost 2.0 Technology<br>- Supports Intel K-Series unlocked CPUs<br>- Supports ASRock BCLK Full-range Overclocking<br>Chipset<br>- Intel Z390</p>',1200,100,3300000,5),(164,16,'CORSAIR VENGEANCE RGB PRO DDR4 16GB (2x8GB) - CMW16GX4M2C3200C16 3200MHz','<p>Memory Color BLACK<br>LED Lighting RGB<br>Single Zone / Multi-Zone Lighting Dynamic Multi-Zone<br>SPD Latency 15-15-15-36<br>SPD Speed 2133MHz<br>SPD Voltage 1.2V<br>Speed Rating PC4-25600 (3200MHz)<br>Compatibility Intel 100 Series,Intel 200 Series,Intel 300 Series,Intel X299,AMD 300 Series,AMD 400 Series<br>Heat Spreader Anodized Aluminum<br>Package Memory Format DIMM<br>Performance Profile XMP 2.0<br>Package Memory Pin 288</p>',260,6,1704000,5),(165,16,'Corsair Vengeance LPX DDR4 16GB (2x8GB) PC25600 - CMK16GX4M2B3200C16 3200MHz','<p>Warranty Limited Lifetime<br>Fan Included No<br>Heat Spreader Vengeance LPX<br>Memory Configuration Dual / Quad Channel<br>Memory Series Vengeance<br>Memory Type DDR4<br>Package Memory Format DIMM<br>Package Memory Pin 288<br>Performance Profile XMP 2.0<br>Memory Size 16GB Kit (2 x 8GB)<br>SPD Latency 15-15-15-36<br>SPD Speed 2133MHz<br>SPD Voltage 1.2V<br>Speed Rating PC4-25600 (3200MHz)<br>Tested Latency 16-18-18-36<br>Tested Speed 3200MHz<br>Tested Voltage 1.35V</p>',260,6,1499000,4),(166,16,'Corsair Vengeance LPX DDR4 32GB (2x16GB) - CMK32GX4M2A2666C16 2666MHz','<p>Specifications<br>- Warranty Limited Lifetime<br>- Fan Included No<br>- Memory Configuration Dual / Quad Channel<br>- Memory Series VENGEANCE LPX<br>- Memory Type DDR4<br>- Memory Size 32GB Kit (2 x 16GB)<br>- Tested Latency 16-18-18-35<br>- Tested Voltage 1.2V<br>- Tested Speed 2666MHz<br><br>- Memory Color BLACK<br>- SPD Latency 15-15-15-36<br>- SPD Speed 2133MHz<br>- SPD Voltage 1.2V<br>- Speed Rating PC4-21300 (2666MHz)<br>- Compatibility Intel 100 Series,Intel 200 Series,Intel 300 Series,Intel X299<br>- Heat Spreader Anodized Aluminum<br>- Package Memory Format DIMM<br>- Performance Profile XMP 2.0<br>- Package Memory Pin 288</p>',200,6,2534000,10),(167,16,'Corsair Vengeance LPX DDR4 16GB (1x16GB) - CMK16GX4M1A2666C16 2666MHz','<p>Fan Included No<br>Heat Spreader Vengeance LPX<br>Memory Configuration Dual / Quad Channel<br>Memory Series Vengeance<br>Memory Type DDR4<br>Package Memory Format DIMM<br>Package Memory Pin 288<br>Performance Profile XMP 2.0<br>Color Black<br>Memory Size 16GB Kit (1 x 16GB)<br>SPD Latency 15-15-15-36<br>SPD Speed 2133MHz<br>SPD Voltage 1.2V<br>Speed Rating PC4-21300 (2666MHz)<br>Tested Latency 16-18-18-35<br>Tested Speed 2666MHz<br>Tested Voltage 1.2V</p>',200,3,1284000,10),(168,16,'CORSAIR VENGEANCE RGB PRO DDR4 16GB (2x8GB) - CMW16GX4M2C3200C16W 3200MHz','<p>Memory Color WHITE<br>LED Lighting RGB<br>Single Zone / Multi-Zone Lighting Dynamic Multi-Zone<br>SPD Latency 15-15-15-36<br>SPD Speed 2133MHz<br>SPD Voltage 1.2V<br>Speed Rating PC4-25600 (3200MHz)<br>Compatibility Intel 100 Series,Intel 200 Series,Intel 300 Series,Intel X299,AMD 300 Series,AMD 400 Series<br>Heat Spreader Anodized Aluminum<br>Package Memory Format DIMM<br>Performance Profile XMP 2.0<br>Package Memory Pin 288</p>',300,6,1704000,10),(169,9,'KLEVV DDR4 BOLT X Series PC25600 3200MHz Dual Channel 16GB (2X8GB)','<p>Format 288 Pin DDR4 Unbuffered DIMM<br>Capacity 2 x 8GB<br>Speed 3200 16-18-18-38<br>Voltage 3200<br>Dimension (L) 133 x (W) 33 x (H) 6 mm<br>Warranty Limited Lifetime Warranty<br>Feature XMP 2.0</p>',300,6,1350000,10),(170,9,'KLEVV DDR4 BOLT X Series PC25600 3200MHz 16GB (1X16GB) Single Channel','<p>KLEVV DDR4 BOLT X Series PC21300 2666MHz 16GB (1X16GB) - KD4AGU880-26N160T ( Made In Korea )<br><br>Specifications<br>Format 288 Pin DDR4 Unbuffered DIMM<br>Capacity 16GB<br>Speed  2666 16-18-18-36<br>Voltage  2666 1.2V<br>Dimension (L) 133 x (W) 33 x (H) 6 mm<br>Warranty Limited Lifetime Warranty<br>Feature XMP 2.0</p>',300,3,1130000,10),(171,30,'Kingston HyperX FURY DDR4 RGB Memory 2x16GB 3200MHz HX432C16FB3AK2/32','<p>HyperX HX432C16FB3AK2/32 is a kit of two 2G x 64-bit (16GB)<br>DDR4-3200 CL16 SDRAM (Synchronous DRAM) 2Rx8, memory<br>module, based on sixteen 1G x 8-bit FBGA components per module.<br>Each module kit supports Intel Extreme Memory Profiles (Intel<br>XMP) 2.0. Total kit capacity is 32GB. Each module has been tested<br>to run at DDR4-3200 at a low latency timing of 16-18-18 at 1.35V.<br>The SPDs are programmed to JEDEC standard latency DDR4-2400<br>timing of 17-17-17 at 1.2V. Each 288-pin DIMM uses gold contact<br>fingers. The JEDEC standard electrical and mechanical<br>specifications are as follows:<br><br>SPECIFICATIONS<br>CL(IDD)<br>Row Cycle Time (tRCmin)<br>Refresh to Active/Refresh<br>Command Time (tRFCmin)<br>Row Active Time (tRASmin)<br>UL Rating<br>Operating Temperature<br>Storage Temperature<br>17 cycles<br>45.75ns(min.)<br>350ns(min.)<br>32ns(min.)<br>94 V - 0<br>0o<br>C to +70o<br>C<br>-40o<br>C to +85o<br>C<br><br>FEATURES<br> Power Supply: VDD = 1.2V Typical<br> VDDQ = 1.2V Typical<br> VPP = 2.5V Typical<br> VDDSPD = 2.2V to 3.6V<br> On-Die termination (ODT)<br> 16 internal banks; 4 groups of 4 banks each<br> Bi-Directional Differential Data Strobe<br> 8 bit pre-fetch<br> Burst Length (BL) switch on-the-fly BL8 or BC4(Burst Chop)<br> Height 1.624 (41.24mm), w/heatsink</p>',300,6,3290000,5),(172,30,'HyperX Fury HX426C16FBK2/32 32GB 2666MHz DDR4','<p>JEDEC/XMP TIMING PARAMETERS<br> JEDEC/PnP: DDR4-2666 CL16-18-18 @1.2V<br> XMP Profile #1: DDR4-2666 CL16-18-18 @1.2V<br><br><br>fitur :<br>Power Supply: VDD = 1.2V Typical<br> VDDQ = 1.2V Typical<br> VPP - 2.5V Typical<br> VDDSPD = 2.2V to 3.6V<br> Nominal and dynamic on-die termination (ODT) for<br>data, strobe, and mask signals<br> Low-power auto self refresh (LPASR)<br> Data bus inversion (DBI) for data bus<br> On-die VREFDQ generation and calibration<br> Dual-rank<br> On-board I2 serial presence-detect (SPD) EEPROM<br> 16 internal banks; 4 groups of 4 banks each<br> Fixed burst chop (BC) of 4 and burst length (BL) of 8<br>via the mode register set (MRS)<br> Selectable BC4 or BL8 on-the-fly (OTF)<br> Fly-by topology<br> Terminated control command and address bus<br> Height 1.340 (34.04mm), w/heatsink</p>',300,6,2150000,5),(173,31,'Team Elite Plus Black DDR4 PC19200 2400Mhz Single Channel 16GB','<p>FEATURES<br>1. New-generation product of DRAM module<br>2. 1.2 V memory module<br>3. Massive 16 GB Kit capacity<br>4. Lifetime warranty<br>5. Completely compatible with X99 chipset<br><br><br>The brand-new DDR4 memory module product of Elite series launched by Team Group Inc., with its only 1.2 working voltage, saves 20% of power compared to the last generation. Therefore, the heat generated from the product itself has also been reduced, and it can maintain the peripheral operating temperature around the system.<br>The product shows perfect compliance with the specifications of JEDEC, and it has 100% product compatibility as well as quality reliability with INTEL\'s latest X99 chipset.<br>Both single-channel and dual-channel are available at the same time so as to meet the demands of users at different levels. The storage can be up to massive 16 GB Kit (8 GBx2) capacity, doubling the speed of data processing. The Elite serial product offers exceptional qualities including stability, long-endurance and low-power consumption with its outstanding function.<br><br><br>Product Dimensions : 133.4 * 31.3mm<br>CL-tRCD-tRP-tRAS : 16-16-16-39<br>DRAM Density : 512x8<br>Data transfer bandwidth : 19,200 MB/s | (PC4 19200)<br>Heat Sink : YES<br>Working voltage : 1.2V<br>Warranty : Lifetime warranty</p>',299,3,1075000,10),(174,10,'Gigabyte GeForce RTX 2080 SUPER 8GB DDR6 Aorus - GV-N208SAORUS-8GC','<p>SKU : 161933<br>Product Name : Gigabyte GeForce RTX 2080 SUPER 8GB DDR6 Aorus - GV-N208SAORUS-8GC<br>Brand : Gigabyte<br>Interface : PCI-E 3.0 x 16<br>GPU : GeForce RTX 2080 SUPER<br>Base Clock : 1815 MHz<br>Boost Clock : 1860 MHz<br>Memory Clock Speed : 15500 MHz<br>Memory Size : 8GB<br>Memory Interface : 256 bit<br>Memory Type : GDDR6<br>DirectX : 12<br>OpenGL : 4.5<br>Cuda Cores : 3072<br>Multi Display : 4 Displays<br>Video Output Function : DisplayPort 1.4 x3, HDMI 2.0b x3, USB Type-C<br>Minimum Power Requipment : 650 Watt Pure Power or greater PSU<br>Power Connectors : 8-pin x 2<br>Card Dimensions : L=290 W=134.31 H=59.9 mm<br>Warranty : 3 Years</p>',2000,250,16000000,4),(175,10,'Zotac GeForce RTX 2070 SUPER 8GB DDR6 AMP','<p>SKU : 163000<br>Product Name : Zotac GeForce RTX 2070 SUPER 8GB DDR6 AMP<br>Brand : Zotac<br>Interface : PCI Express 3.0<br>GPU : GeForce RTX 2070 SUPER<br>Boost Clock : 1800 MHz<br>Memory Clock Speed : 14.0 Gbps<br>Memory Size : 8GB<br>Memory Interface : 256-bit<br>Memory Type : GDDR6<br>DirectX : 12<br>OpenGL : 4.5<br>Cuda Cores 2560<br>Multi Display : 4 Displays<br>Video Output Function : DisplayPort x3, HDMI 2.0<br>Minimum Power Requipment : 650 Watt Pure Power or greater PSU<br>Power Connectors : 6-pin 8-pin<br>Card Dimensions : 268 x 113 x 38 mm<br>Warranty : 2 Years</p>',2000,215,9443999,10),(176,28,'Sapphire Radeon RX 5700 XT 8GB DDR6 Pulse OC','<p>SKU : 162319<br>Product Name : Sapphire Radeon RX 5700 XT 8GB DDR6 Pulse OC<br>Brand : Sapphire<br>Interface : PCI Express x16 4.0<br>GPU : AMD Radeon RX 5700 XT<br>Base Clock : 1670 MHz<br>Boost Clock : Up to 1925<br>Memory Clock Speed : 14000 MHz<br>Memory Size : 8 GB<br>Memory Interface : 256 bit<br>Memory Type : GDDR6<br>DirectX : DirectX 12<br>OpenGL : OpenGL 4.6<br>Stream Processors : 2560<br>Maximum Displays : 4 Displays<br>Video Output Function : DisplayPort 1.4 x3, HDMI 2.0b<br>Minimum Power Requipment : 600 Watt *Pure Power<br>Power Connectors : 8 Pin<br>Card Dimensions : 254 x 135 x 46.5 mm<br>Warranty : 2 Years</p>',2000,232,7517000,10),(177,33,'be quiet! PURE POWER 11 500W CM - Modular - 80+ Gold Certified','<p>SKU : 158688<br>Product Name : be quiet! PURE POWER 11 500W CM - Modular - 80+ Gold Certified - 5 Years Warranty - Number 1 PSU in Germany<br>Brand : be quiet!<br>Series : PURE POWER 11 CM<br>Wattage : 500W<br>80 PLUS Certification : 80 PLUS Gold<br>Max. Efficiency : Up to 92%<br>Cooling : Fan<br>Modular : Yes<br>Modularity : Modular<br>Motherboard Connector : 20+4-Pin<br>Connectors : 1x (8/4+4 pins) CPU +12V<br>3x 4Pin Molex<br>2x (8/6 pins) PCI-E Power<br>6x SATA Power<br>1x FDD Power<br>Form Factor : ATX<br>Warranty : 5 Years</p>',3000,500,1180000,0),(178,13,'SAMSUNG 27 LC27R500 CURVED LED Wide Screen','<p>SKU : 160634<br>Product Name : SAMSUNG 27\" LC27R500 CURVED LED Wide Screen<br>Model : LC27R500<br>Screen Size : 26.9 Inch<br>Resolution : 1920 x 1080<br>Panel Technology : VA<br>Refresh Rate : 60Hz<br>Response Time : 4(GTG)<br>Connectivity : D-Sub, HDMI<br>Warranty : 3 Years<br>Fitur :<br>Captivating Curves<br>Supersleek Screen<br>All Action, No Delay<br>More Gaming Power<br>Focused Comfort</p>',12000,0,2666000,20),(179,13,'SAMSUNG 24 C24F390 CURVED LED Wide Screen','<p>SKU : 124677<br>Product Name : SAMSUNG 24\" C24F390 CURVED LED Wide Screen<br>Model : C24F390<br>Screen Size : 23.5 Inch<br>Resolution : 1920 x 1080<br>Panel Technology : VA<br>Response Time : 4 ms<br>Connectivity : D-Sub, HDMI, Headphone<br>Warranty : 3 Years<br>Fitur :<br>Samsung MagicBright<br>Samsung MagicUpscale<br>Eco Saving Plus<br>Eye Saver Mode<br>Flicker Free<br>Game Mode<br>Image Size<br>Windows Certification<br>FreeSync</p>',7000,0,1525000,10),(180,34,'DELL 24\" S2419H LED','<p>SKU : 153839<br>Product Name : DELL 24\" S2419H LED<br>Model : S2419H<br>Screen Size : 24 Inch<br>Resolution : 1920 x 1080<br>Panel Technology : IPS<br>Refresh Rate : 60Hz<br>Response Time : -<br>Connectivity : HDMI, Audio Line-out<br>Warranty : 3 Years<br>Fitur :<br>Arsenic-free glass and mercury-free panel</p>',9000,0,2181000,9),(181,3,'Cooler Master HYPER 212 RGB - Black Edition','<p>The legendary Hyper air cooler is back and better than before. The Hyper 212 RGB Black Edition offers better installation and great performance, easily one of the best air cooling solutions. The aluminum top cover and nickel plated jet black fins, give the Hyper 212 RGB Black Edition a premium aesthetic appeal. The sleek jet black not only makes it look great, but also increase cooling performance.<br><br>Direct Contact Technology - 4 heatpipes with Exclusive Direct Contact Technology effectively provide excellent heat dissipation<br>Precise Air Flow - Stacked fin array ensure least airflow resistance which allows cooler air flow into the heatsink<br>RGB LED Controller - the wired RGB LED Controller allows for customizable colors and effects with just the touch of a button<br>Smart Fan Sensor for Jam Protection - Never worry about your cables getting snagged or components being mucked up ever again.<br>Snap and Play - Intuitive fan bracket design makes upgrading and removing the fan a breeze<br><br>Specifications<br>PRODUCT NUMBER<br>RR-212S-20PC-R1<br>CPU SOCKET<br>LGA2066, LGA2011-v3, LGA2011, LGA1151, LGA1150, LGA1156, LGA1155, LGA1366, AM4, AM3+, AM3, AM2+, AM2, FM2+, FM2, FM1<br>DIMENSIONS (L X W X H)<br>120 x 79.6 x 158.8 mm / 4.7 x 3.1 x 6.3 inch<br>HEAT SINK MATERIAL<br>4 Heat Pipes, Aluminum Fins, Direct Contact<br>FAN DIMENSIONS (L X W X H)<br>120 x 120 x 25mm<br>FAN QUANTITY<br>1 PCS<br>FAN SPEED<br>650-2000 RPM (PWM)  10%<br>FAN AIRFLOW<br>57.3 CFM (Max)<br>FAN AIR PRESSURE<br>2.0 mmH2O<br>FAN MTTF<br>160,000 Hours<br>FAN NOISE LEVEL<br>8 - 30 dBA<br>FAN POWER CONNECTOR<br>4-Pin (PWM)<br>FAN RATED VOLTAGE<br>12V DC<br>FAN RATED CURRENT<br>0.16 A<br>FAN SAFETY CURRENT<br>0.37A<br>FAN POWER CONSUMPTION<br>1.92 W<br>WARRANTY<br>2 years<br>COOLER TYPE<br>Air Cooler<br>SERIE<br>Hyper</p>',1000,5,777000,10),(182,35,'Deepcool Castle 240 RGB V2 Liquid Anti Leak','<p>Deepcool Castle 240 RGB V2 LIQUID ANTI LEAK<br><br>Application For<br>Intel<br>LGA2066/2011-v3/2011/1151/1150/1155/1366<br><br>AMD<br>TR4/AM4/AM3+/AM3/AM2+/AM2/FM2+/FM2/FM1<br>Technical Spec :<br>Pump Dimensions : 917971 mm<br>Radiator Dimensions : 28212027 mm<br>Radiator Material : Aluminum<br>Net Weight : 1426 g<br>Tube length : 310 mm<br>Pump Speed : 2550 RPM10%<br>Pump Noise : 17.8 dB(A)<br>Pump Connector : 3-pin<br>Pump Rated Voltage : 12 VDC<br>Pump Rated Current : 0.21 A<br>Pump Power Consumption : 2.52 W<br>Fan Dimensions : 12012025 mm<br>Fan Speed : 500~1800 RPM10%<br>Fan Airflow : 69.34 CFM<br>Fan Air Pressure : 2.42 mmAq<br>Fan Noise : 30 dB(A)<br>Fan Connector : 4-pin PWM<br>Bearing Type : Hydro Bearing<br>Fan Rated Voltage : 12 VDC<br>Fan Power Consumption : 2.04 W<br>LED Type : Addressable RGB LED<br>LED Connector : 3-pin(+5V-D-G)<br>LED Rated Voltage : 5 VDC<br>LED Power Consumption : 2.25 WPUMP/ 4.8 WFAN2<br>EAN : 6933412726609<br>P/N : DP-GS-H12AR-CSL240V2</p>',2500,5,1579000,10),(183,19,'Logitech G413 Carbon Mechanical Gaming Keyboard','<p>Windows\" 10, Windows 8.1, Windows 8, Windows 7<br>Port USB (untuk keyboard)<br>Port USB kedua (untuk port USB passthrough)<br>Akses internet untuk Logitech Gaming Software<br><br>KONTEN KEMASAN<br>Gaming keyboard<br>Gaming keycap<br>Keycap puller<br>Dokumentasi pengguna<br><br>SPESIFIKASI FISIK<br>Tinggi: 132 mm<br>Lebar: 445 mm<br>Tebal: 34 mm<br>Berat (tanpa kabel): 1.105 g<br>Kabel: 1,8 m<br><br>KENOP MEKANIK ROMER-G:<br>Daya tahan: 70 juta penekanan tombol<br>Jarak aktuasi: 1,5 mm<br>Kekuatan aktuasi: 45 g<br>Total jarak yang dilalui: 3,0 mm<br><br>SPESIFIKASI KEYBOARD:<br>Jenis Koneksi: USB Type A (berkabel)<br>Protokol USB: USB 2.0<br>Kecepatan USB: Full Speed<br>Lampu Indikator (LED): 2<br>Port USB (Internal): 1, USB 2.0<br><br>Cahaya Latar: Ya<br>Satu warna (5 tingkat kecerahan tetap)<br>G413 Silver: Putih<br>G413 Carbon: Merah<br><br>Tombol Khusus<br>Toggle Cahaya Latar: FN + F7<br>Mode Game: FN + F8<br>Kontrol Media: FN + F9/F10/F11/F12<br><br><br>PURE. POWER. PLAY.<br>Keseimbangan Sempurna Antara Kesederhanaan dan Kapabilitas<br>G413 memiliki konsep, rancangan, dan modifikasi untuk menghadirkan kinerja tingkat lanjut hanya dengan serangkaian fitur yang tepat. Case terbaik yang ringan, berbahan paduan aluminium 5052 yang kuat menyediakan kerangka yang ramping berbentuk belati. Di bagian bawahnya terdapat manajemen kabel untuk mouse dan headset, serta dilengkapi penyangga dengan stabilizer karet agar bermain game lebih nyaman walaupun sedang berada di gameplay berintensitas tinggi.<br><br>MEKANIKAL TERDEPAN<br>Dirancang untuk Menjadi Unggul<br>Switch mekanikal Romer-G\' dikembangkan dengan tujuan untuk menghasilkan kinerja, ketanggapan, dan daya tahan kelas pro. Aktuasi singkat 1,5mm lebih cepat 25% dibandingkan switch mekanikal standar lainnya. Perpaduan kecepatan, presisi, dan kinerja hening menjadikan Romer-G sebagai switch mekanikal keyboard gaming yang paling ideal.</p><p><br>&nbsp;</p>',1500,1,1025000,5),(184,19,'Logitech G502 HERO High Performance Gaming Mouse','<p>Spesifikasi Teknis<br>Penelusuran<br>-Sensor: HERO\'<br>-Resolusi: 100 \'\'\" 16.000 dpi<br>-Zero smoothing/akselerasi/filtering<br>-Maks. akselerasi: &gt; 40 G2<br>-Maks. kecepatan: &gt; 400 IPS2<br><br>Ketanggapan<br>-Format data USB: 16 bit/axis<br>-Report rate USB: 1.000 Hz (1 md)<br>-Mikroprosesor: 32-bit ARM<br><br>Daya Tahan<br>-Tombol utama: 50 juta klik<br>-Alas PTFE: 250 kilometer2<br><br>Fitur lain<br>-Onboard memory: 5 profil<br>-LIGHTSYNC RGB: 1 zona<br>-Braided cable<br><br>Spesifikasi fisik<br>-Tinggi: 132 mm<br>-Lebar: 75 mm<br>-Tebal: 40 mm<br>-Berat: 121 g, mouse saja<br>-Pemberat tambahan opsional: hingga 18 g (5x3,6 g)<br>-Panjang kabel: 2,10 m<br><br>Persyaratan Sistem<br>-Windows\" 7 atau versi terbaru<br>-macOS 10.11 atau versi terbaru<br>-Chrome OS\'<br>-Port USB<br><br>Konten Kemasan<br>-G502 HERO Gaming Mouse<br>-Pemberat 5x 3,6 g opsional<br>-Dokumentasi pengguna<br><br>&nbsp;</p>',1000,1,799000,9),(185,7,'test','<p>test</p>',2000,0,232323,10);
/*!40000 ALTER TABLE `products` ENABLE KEYS */;
UNLOCK TABLES;

--
-- Table structure for table `transaction_details`
--

DROP TABLE IF EXISTS `transaction_details`;
/*!40101 SET @saved_cs_client     = @@character_set_client */;
/*!50503 SET character_set_client = utf8mb4 */;
CREATE TABLE `transaction_details` (
  `id` int(11) NOT NULL AUTO_INCREMENT,
  `transactionId` int(11) NOT NULL,
  `productId` int(11) NOT NULL,
  `productPrice` int(11) NOT NULL,
  `quantity` int(11) NOT NULL,
  `totalPrice` int(11) NOT NULL,
  PRIMARY KEY (`id`),
  KEY `fk_transactiondetail_transaction_idx` (`transactionId`),
  KEY `fk_transactiondetail_product_idx` (`productId`),
  CONSTRAINT `fk_transactiondetail_product` FOREIGN KEY (`productId`) REFERENCES `products` (`id`) ON DELETE RESTRICT,
  CONSTRAINT `fk_transactiondetail_transaction` FOREIGN KEY (`transactionId`) REFERENCES `transactions` (`id`) ON DELETE RESTRICT
) ENGINE=InnoDB AUTO_INCREMENT=18 DEFAULT CHARSET=latin1 COLLATE=latin1_bin;
/*!40101 SET character_set_client = @saved_cs_client */;

--
-- Dumping data for table `transaction_details`
--

LOCK TABLES `transaction_details` WRITE;
/*!40000 ALTER TABLE `transaction_details` DISABLE KEYS */;
INSERT INTO `transaction_details` VALUES (1,1,7,680000,1,680000),(2,2,90,5000000,1,5000000),(3,3,7,680000,3,2040000),(4,4,82,5000000,1,5000000),(5,5,91,5000000,1,5000000),(6,6,8,550000,1,550000),(7,7,103,3520000,2,7040000),(8,7,149,2135000,1,2135000),(9,8,180,2181000,1,2181000),(10,8,184,799000,1,799000),(11,8,89,1235000,1,1235000),(12,8,95,1000000,1,1000000),(13,8,26,3250000,1,3250000),(14,8,174,16000000,1,16000000),(15,8,165,1499000,1,1499000),(16,8,154,1050000,1,1050000),(17,8,3,1119000,1,1119000);
/*!40000 ALTER TABLE `transaction_details` ENABLE KEYS */;
UNLOCK TABLES;

--
-- Table structure for table `transactions`
--

DROP TABLE IF EXISTS `transactions`;
/*!40101 SET @saved_cs_client     = @@character_set_client */;
/*!50503 SET character_set_client = utf8mb4 */;
CREATE TABLE `transactions` (
  `id` int(11) NOT NULL AUTO_INCREMENT,
  `userId` int(11) NOT NULL,
  `transactionCode` varchar(45) COLLATE latin1_bin NOT NULL,
  `transactionDate` datetime NOT NULL DEFAULT CURRENT_TIMESTAMP,
  `deliveryAddress` text CHARACTER SET utf8mb4 COLLATE utf8mb4_general_ci NOT NULL,
  `totalProduct` int(11) NOT NULL,
  `totalQuantity` int(11) NOT NULL,
  `totalWeight` int(11) NOT NULL,
  `totalPrice` int(20) NOT NULL,
  `shippingCourier` varchar(45) COLLATE latin1_bin NOT NULL,
  `shippingCost` int(20) NOT NULL,
  `totalCost` int(20) NOT NULL,
  `paidStatus` int(11) NOT NULL,
  `deliveredStatus` int(11) NOT NULL,
  `receiptImg` varchar(200) COLLATE latin1_bin DEFAULT NULL,
  PRIMARY KEY (`id`),
  KEY `fk_t_u_idx` (`userId`),
  CONSTRAINT `fk_t_u` FOREIGN KEY (`userId`) REFERENCES `users` (`id`)
) ENGINE=InnoDB AUTO_INCREMENT=9 DEFAULT CHARSET=latin1 COLLATE=latin1_bin;
/*!40101 SET character_set_client = @saved_cs_client */;

--
-- Dumping data for table `transactions`
--

LOCK TABLES `transactions` WRITE;
/*!40000 ALTER TABLE `transactions` DISABLE KEYS */;
INSERT INTO `transactions` VALUES (1,32,'TR-1584188083358-32','2020-03-14 12:14:43','entah',1,1,10000,680000,'JNE REG',110000,790000,2,2,'/images/receipt/TR-1584188083358-32_1584188112805.jpg'),(2,32,'TR-1584291565318-32','2020-03-15 04:59:25','jalan entah dimana',1,1,500,5000000,'JNE REG',11000,5011000,2,2,'/images/receipt/TR-1584291565318-32_1584291580422.jpg'),(3,32,'TR-1584437960406-32','2020-03-17 09:39:20','harus diisi',1,3,30000,2040000,'JNE REG',330000,2370000,3,3,'/images/receipt/TR-1584437960406-32_1584437977521.jpg'),(4,32,'TR-1584438449145-32','2020-03-17 09:47:29','harus diisi',1,1,1500,5000000,'JNE REG',22000,5022000,1,0,'/images/receipt/TR-1584438449145-32_1584438464485.jpg'),(5,32,'TR-1584438903040-32','2020-03-17 09:55:03','harus diisi',1,1,500,5000000,'JNE YES',24000,5024000,1,0,'/images/receipt/TR-1584438903040-32_1584438914730.jpg'),(6,32,'TR-1584868546269-32','2020-03-22 09:15:46','sudah diisi',1,1,10000,550000,'JNE REG',110000,660000,1,0,'/images/receipt/TR-1584868546269-32_1584868578899.jpg'),(7,47,'TR-1584891729096-47','2020-03-22 03:42:09','Jl. Jalal XXI Ceria',2,3,26500,9175000,'JNE REG',2160000,11335000,2,1,'/images/receipt/TR-1584891729096-47_1584891777544.jpg'),(8,48,'TR-1584944909460-48','2020-03-23 06:28:29','disini juga',9,9,27060,28133000,'JNE REG',297000,28430000,2,2,'/images/receipt/TR-1584944909460-48_1584945012283.jpg');
/*!40000 ALTER TABLE `transactions` ENABLE KEYS */;
UNLOCK TABLES;

--
-- Table structure for table `user_builds`
--

DROP TABLE IF EXISTS `user_builds`;
/*!40101 SET @saved_cs_client     = @@character_set_client */;
/*!50503 SET character_set_client = utf8mb4 */;
CREATE TABLE `user_builds` (
  `id` int(11) NOT NULL AUTO_INCREMENT,
  `userId` int(11) NOT NULL,
  `productId` int(11) NOT NULL,
  `quantity` int(11) NOT NULL,
  PRIMARY KEY (`id`)
) ENGINE=InnoDB AUTO_INCREMENT=223 DEFAULT CHARSET=latin1 COLLATE=latin1_bin;
/*!40101 SET character_set_client = @saved_cs_client */;

--
-- Dumping data for table `user_builds`
--

LOCK TABLES `user_builds` WRITE;
/*!40000 ALTER TABLE `user_builds` DISABLE KEYS */;
INSERT INTO `user_builds` VALUES (177,47,9,1),(178,47,170,1),(179,47,105,1),(201,48,11,1),(205,48,5,1);
/*!40000 ALTER TABLE `user_builds` ENABLE KEYS */;
UNLOCK TABLES;

--
-- Table structure for table `user_carts`
--

DROP TABLE IF EXISTS `user_carts`;
/*!40101 SET @saved_cs_client     = @@character_set_client */;
/*!50503 SET character_set_client = utf8mb4 */;
CREATE TABLE `user_carts` (
  `id` int(11) NOT NULL AUTO_INCREMENT,
  `userId` int(11) NOT NULL,
  `productId` int(11) NOT NULL,
  `quantity` int(11) NOT NULL,
  PRIMARY KEY (`id`),
  KEY `fk_cart_user_idx` (`userId`),
  KEY `fk_cart_products_idx` (`productId`),
  CONSTRAINT `fk_cart_products` FOREIGN KEY (`productId`) REFERENCES `products` (`id`) ON DELETE CASCADE,
  CONSTRAINT `fk_cart_user` FOREIGN KEY (`userId`) REFERENCES `users` (`id`) ON DELETE CASCADE
) ENGINE=InnoDB AUTO_INCREMENT=24 DEFAULT CHARSET=latin1 COLLATE=latin1_bin;
/*!40101 SET character_set_client = @saved_cs_client */;

--
-- Dumping data for table `user_carts`
--

LOCK TABLES `user_carts` WRITE;
/*!40000 ALTER TABLE `user_carts` DISABLE KEYS */;
/*!40000 ALTER TABLE `user_carts` ENABLE KEYS */;
UNLOCK TABLES;

--
-- Temporary view structure for view `user_complete`
--

DROP TABLE IF EXISTS `user_complete`;
/*!50001 DROP VIEW IF EXISTS `user_complete`*/;
SET @saved_cs_client     = @@character_set_client;
/*!50503 SET character_set_client = utf8mb4 */;
/*!50001 CREATE VIEW `user_complete` AS SELECT 
 1 AS `id`,
 1 AS `fullname`,
 1 AS `gender`,
 1 AS `username`,
 1 AS `email`,
 1 AS `password`,
 1 AS `address`,
 1 AS `cityId`,
 1 AS `city`,
 1 AS `phone`,
 1 AS `roleId`,
 1 AS `role`,
 1 AS `verified`,
 1 AS `lastLogin`*/;
SET character_set_client = @saved_cs_client;

--
-- Table structure for table `user_genders`
--

DROP TABLE IF EXISTS `user_genders`;
/*!40101 SET @saved_cs_client     = @@character_set_client */;
/*!50503 SET character_set_client = utf8mb4 */;
CREATE TABLE `user_genders` (
  `id` int(11) NOT NULL AUTO_INCREMENT,
  `gender` varchar(45) CHARACTER SET latin1 COLLATE latin1_swedish_ci NOT NULL,
  PRIMARY KEY (`id`)
) ENGINE=InnoDB AUTO_INCREMENT=3 DEFAULT CHARSET=latin1 COLLATE=latin1_bin;
/*!40101 SET character_set_client = @saved_cs_client */;

--
-- Dumping data for table `user_genders`
--

LOCK TABLES `user_genders` WRITE;
/*!40000 ALTER TABLE `user_genders` DISABLE KEYS */;
INSERT INTO `user_genders` VALUES (1,'Male'),(2,'Female');
/*!40000 ALTER TABLE `user_genders` ENABLE KEYS */;
UNLOCK TABLES;

--
-- Table structure for table `user_roles`
--

DROP TABLE IF EXISTS `user_roles`;
/*!40101 SET @saved_cs_client     = @@character_set_client */;
/*!50503 SET character_set_client = utf8mb4 */;
CREATE TABLE `user_roles` (
  `id` int(11) NOT NULL AUTO_INCREMENT,
  `role` varchar(45) CHARACTER SET utf8mb4 COLLATE utf8mb4_general_ci NOT NULL,
  PRIMARY KEY (`id`)
) ENGINE=InnoDB AUTO_INCREMENT=3 DEFAULT CHARSET=latin1 COLLATE=latin1_bin;
/*!40101 SET character_set_client = @saved_cs_client */;

--
-- Dumping data for table `user_roles`
--

LOCK TABLES `user_roles` WRITE;
/*!40000 ALTER TABLE `user_roles` DISABLE KEYS */;
INSERT INTO `user_roles` VALUES (1,'admin'),(2,'user');
/*!40000 ALTER TABLE `user_roles` ENABLE KEYS */;
UNLOCK TABLES;

--
-- Table structure for table `user_wishlists`
--

DROP TABLE IF EXISTS `user_wishlists`;
/*!40101 SET @saved_cs_client     = @@character_set_client */;
/*!50503 SET character_set_client = utf8mb4 */;
CREATE TABLE `user_wishlists` (
  `id` int(11) NOT NULL AUTO_INCREMENT,
  `userId` int(11) NOT NULL,
  `productId` int(11) NOT NULL,
  PRIMARY KEY (`id`),
  KEY `fk_wishlist_user_idx` (`userId`),
  KEY `fk_wishlist_products_idx` (`productId`),
  CONSTRAINT `fk_wishlist_products` FOREIGN KEY (`productId`) REFERENCES `products` (`id`) ON DELETE CASCADE,
  CONSTRAINT `fk_wishlist_user` FOREIGN KEY (`userId`) REFERENCES `users` (`id`) ON DELETE CASCADE
) ENGINE=InnoDB AUTO_INCREMENT=26 DEFAULT CHARSET=latin1 COLLATE=latin1_bin;
/*!40101 SET character_set_client = @saved_cs_client */;

--
-- Dumping data for table `user_wishlists`
--

LOCK TABLES `user_wishlists` WRITE;
/*!40000 ALTER TABLE `user_wishlists` DISABLE KEYS */;
/*!40000 ALTER TABLE `user_wishlists` ENABLE KEYS */;
UNLOCK TABLES;

--
-- Table structure for table `users`
--

DROP TABLE IF EXISTS `users`;
/*!40101 SET @saved_cs_client     = @@character_set_client */;
/*!50503 SET character_set_client = utf8mb4 */;
CREATE TABLE `users` (
  `id` int(11) NOT NULL AUTO_INCREMENT,
  `fullname` varchar(45) CHARACTER SET utf8mb4 COLLATE utf8mb4_general_ci NOT NULL,
  `genderId` int(11) DEFAULT NULL,
  `username` varchar(16) CHARACTER SET utf8mb4 COLLATE utf8mb4_general_ci NOT NULL,
  `email` varchar(45) CHARACTER SET utf8mb4 COLLATE utf8mb4_general_ci NOT NULL,
  `password` varchar(100) CHARACTER SET utf8mb4 COLLATE utf8mb4_general_ci NOT NULL,
  `address` text CHARACTER SET utf8mb4 COLLATE utf8mb4_general_ci,
  `cityId` int(11) DEFAULT NULL,
  `phone` varchar(45) COLLATE latin1_bin DEFAULT NULL,
  `roleId` int(11) NOT NULL,
  `createdTime` datetime NOT NULL DEFAULT CURRENT_TIMESTAMP,
  `updatedTime` datetime DEFAULT NULL,
  `lastLogin` datetime DEFAULT NULL,
  `verified` int(11) DEFAULT NULL,
  PRIMARY KEY (`id`),
  KEY `fk_u_city_idx` (`cityId`),
  KEY `fk_u_role_idx` (`roleId`),
  KEY `fk_u_gender_idx` (`genderId`),
  CONSTRAINT `fk_u_cityId` FOREIGN KEY (`cityId`) REFERENCES `cities` (`city_id`) ON DELETE RESTRICT,
  CONSTRAINT `fk_u_gender` FOREIGN KEY (`genderId`) REFERENCES `user_genders` (`id`) ON DELETE RESTRICT,
  CONSTRAINT `fk_u_role` FOREIGN KEY (`roleId`) REFERENCES `user_roles` (`id`)
) ENGINE=InnoDB AUTO_INCREMENT=49 DEFAULT CHARSET=latin1 COLLATE=latin1_bin;
/*!40101 SET character_set_client = @saved_cs_client */;

--
-- Dumping data for table `users`
--

LOCK TABLES `users` WRITE;
/*!40000 ALTER TABLE `users` DISABLE KEYS */;
INSERT INTO `users` VALUES (5,'adminadmin',1,'admin','admin@gmail.com','$2a$10$OhOVqzt/oHMqdGIS14toRuXBjFzk.UcaGxZHy57IQ9.b4ifXMl3fm','Jl. blablabla',152,'6282212341234',1,'2020-02-02 10:45:23',NULL,'2020-03-23 08:52:36',1),(10,'lelele',2,'lelelele','lelele@lelele.com','$2a$10$XeotMMgqTMpKbk7JLFzgN.0NLmb3vq.aCljDCsRjkNICPXXTTm1bG','Jl kenangan',152,'628512121212',2,'2020-02-18 16:32:39',NULL,'2020-02-18 16:33:48',1),(11,'andi',1,'andiandi','andi@andi.com','$2a$10$p849zZICK05uBbYlBqVXy.pKlg9FdF8Kr/CHUzjinTQVzaEryvff.','Jl. Kemerdekaan',152,'85231313131',2,'2020-02-18 16:39:26',NULL,'2020-02-18 16:39:46',1),(15,'sdf',1,'asdfasdasdf','sdfsdf','$2a$10$eE9/NiFFkjL2jxyaDwuuQ.wOcyK882DxTPG9ZRpcmFuPUgcOj7Fc6','sdf',152,'123123',2,'2020-03-01 01:50:10',NULL,'2020-03-01 02:27:45',1),(16,'hmbrrhehoh',1,'hmbrrhehoh','hmbrrhehoh@gmail.com','$2a$10$09zeglPKAVu/wpWL1ZmeGuQyIuwr1dKXjgdiz2mS9prj5mBh0i/H2','jl. entah dimana',152,'85624069940',2,'2020-03-01 02:33:18',NULL,'2020-03-02 01:15:38',1),(32,'erwin nurhaq',1,'erwinnurhaq','enurhaq@gmail.com','$2a$10$oULOXs68kg8gMUBKOxg2qOP1C0xAVvpmELg33mUEPwIoY1bC/mJ7e','sudah diisi',23,'082222222222',2,'2020-03-10 10:29:28','2020-05-28 01:39:00','2020-05-28 02:07:15',1),(43,'alpha',1,'lollinet','god.ghosthack@gmail.com','$2a$10$2uGMGR50VRrfP4DFO0mUc.qAONHyBz3NfQaFdvEt2m0DkCXiWw4iW','Jupiter 561x',23,'6285722286349',2,'2020-03-22 01:57:19',NULL,'2020-03-22 02:05:30',0),(47,'lollicon',2,'lollicon','ali.sakra94@gmail.com','$2a$10$KfPDV65/FO9eIMHvwZ0wdOrP1YeuFv4HnFRg83r4QLucHFpLWpzxe','Jl. Jalal XXI Ceria',23,'08989898989898989898989898989898',2,'2020-03-22 03:28:36','2020-03-22 03:31:27','2020-03-22 03:30:01',1),(48,'erwin nurhaq',2,'enurhaqpwd','simkalastoforka@gmail.com','$2a$10$eLqVyjoGnV5o/l3/bXNSF.mqrxS9YK27sFUyuiHh5.2YzXx747fwq','disini juga',22,'08213456456',2,'2020-03-23 06:16:55','2020-03-23 06:23:09','2020-03-23 07:10:52',1);
/*!40000 ALTER TABLE `users` ENABLE KEYS */;
UNLOCK TABLES;

--
-- Final view structure for view `category_complete`
--

/*!50001 DROP VIEW IF EXISTS `category_complete`*/;
/*!50001 SET @saved_cs_client          = @@character_set_client */;
/*!50001 SET @saved_cs_results         = @@character_set_results */;
/*!50001 SET @saved_col_connection     = @@collation_connection */;
/*!50001 SET character_set_client      = utf8mb4 */;
/*!50001 SET character_set_results     = utf8mb4 */;
/*!50001 SET collation_connection      = utf8mb4_general_ci */;
/*!50001 CREATE ALGORITHM=UNDEFINED */
/*!50013 DEFINER=`root`@`localhost` SQL SECURITY DEFINER */
/*!50001 VIEW `category_complete` AS select `c1`.`id` AS `id`,`c1`.`category` AS `category`,`c1`.`parentId` AS `parentId`,`c2`.`category` AS `parentCategory`,`c3`.`id` AS `mainParentId`,`c3`.`category` AS `mainParentCategory` from ((`categories` `c1` left join `categories` `c2` on((`c1`.`parentId` = `c2`.`id`))) left join `categories` `c3` on((`c3`.`id` = `c1`.`mainParentId`))) */;
/*!50001 SET character_set_client      = @saved_cs_client */;
/*!50001 SET character_set_results     = @saved_cs_results */;
/*!50001 SET collation_connection      = @saved_col_connection */;

--
-- Final view structure for view `product_cats_complete`
--

/*!50001 DROP VIEW IF EXISTS `product_cats_complete`*/;
/*!50001 SET @saved_cs_client          = @@character_set_client */;
/*!50001 SET @saved_cs_results         = @@character_set_results */;
/*!50001 SET @saved_col_connection     = @@collation_connection */;
/*!50001 SET character_set_client      = utf8mb4 */;
/*!50001 SET character_set_results     = utf8mb4 */;
/*!50001 SET collation_connection      = utf8mb4_general_ci */;
/*!50001 CREATE ALGORITHM=UNDEFINED */
/*!50013 DEFINER=`root`@`localhost` SQL SECURITY DEFINER */
/*!50001 VIEW `product_cats_complete` AS select `pc`.`productId` AS `productId`,`pc`.`categoryId` AS `categoryId`,`c`.`category` AS `category` from (`product_cats` `pc` join `categories` `c` on((`pc`.`categoryId` = `c`.`id`))) */;
/*!50001 SET character_set_client      = @saved_cs_client */;
/*!50001 SET character_set_results     = @saved_cs_results */;
/*!50001 SET collation_connection      = @saved_col_connection */;

--
-- Final view structure for view `product_complete`
--

/*!50001 DROP VIEW IF EXISTS `product_complete`*/;
/*!50001 SET @saved_cs_client          = @@character_set_client */;
/*!50001 SET @saved_cs_results         = @@character_set_results */;
/*!50001 SET @saved_col_connection     = @@collation_connection */;
/*!50001 SET character_set_client      = utf8mb4 */;
/*!50001 SET character_set_results     = utf8mb4 */;
/*!50001 SET collation_connection      = utf8mb4_general_ci */;
/*!50001 CREATE ALGORITHM=UNDEFINED */
/*!50013 DEFINER=`root`@`localhost` SQL SECURITY DEFINER */
/*!50001 VIEW `product_complete` AS select `p`.`id` AS `id`,`p`.`brandId` AS `brandId`,`b`.`brand` AS `brand`,`p`.`name` AS `name`,`p`.`description` AS `description`,`p`.`weight` AS `weight`,`p`.`wattage` AS `wattage`,`p`.`price` AS `price`,`p`.`stock` AS `stock`,`img`.`image` AS `image`,`c`.`id` AS `categoryId`,`c`.`category` AS `category`,`c`.`mainParentId` AS `mainParentId` from ((((`products` `p` left join `brands` `b` on((`b`.`id` = `p`.`brandId`))) join `product_cats` `pc` on((`pc`.`productId` = `p`.`id`))) join `categories` `c` on((`c`.`id` = `pc`.`categoryId`))) join (select `p`.`id` AS `productId`,`pi`.`image` AS `image` from (`products` `p` left join `product_images` `pi` on((`pi`.`productId` = `p`.`id`))) group by `p`.`id`) `img` on((`img`.`productId` = `p`.`id`))) order by `p`.`id` */;
/*!50001 SET character_set_client      = @saved_cs_client */;
/*!50001 SET character_set_results     = @saved_cs_results */;
/*!50001 SET collation_connection      = @saved_col_connection */;

--
-- Final view structure for view `user_complete`
--

/*!50001 DROP VIEW IF EXISTS `user_complete`*/;
/*!50001 SET @saved_cs_client          = @@character_set_client */;
/*!50001 SET @saved_cs_results         = @@character_set_results */;
/*!50001 SET @saved_col_connection     = @@collation_connection */;
/*!50001 SET character_set_client      = utf8mb4 */;
/*!50001 SET character_set_results     = utf8mb4 */;
/*!50001 SET collation_connection      = utf8mb4_general_ci */;
/*!50001 CREATE ALGORITHM=UNDEFINED */
/*!50013 DEFINER=`root`@`localhost` SQL SECURITY DEFINER */
/*!50001 VIEW `user_complete` AS select `u`.`id` AS `id`,`u`.`fullname` AS `fullname`,`g`.`gender` AS `gender`,`u`.`username` AS `username`,`u`.`email` AS `email`,`u`.`password` AS `password`,`u`.`address` AS `address`,`c`.`city_id` AS `cityId`,`c`.`city_name` AS `city`,`u`.`phone` AS `phone`,`u`.`roleId` AS `roleId`,`r`.`role` AS `role`,`u`.`verified` AS `verified`,`u`.`lastLogin` AS `lastLogin` from (((`users` `u` left join `user_genders` `g` on((`g`.`id` = `u`.`genderId`))) left join `cities` `c` on((`c`.`city_id` = `u`.`cityId`))) join `user_roles` `r` on((`r`.`id` = `u`.`roleId`))) order by `u`.`id` desc */;
/*!50001 SET character_set_client      = @saved_cs_client */;
/*!50001 SET character_set_results     = @saved_cs_results */;
/*!50001 SET collation_connection      = @saved_col_connection */;
/*!40103 SET TIME_ZONE=@OLD_TIME_ZONE */;

/*!40101 SET SQL_MODE=@OLD_SQL_MODE */;
/*!40014 SET FOREIGN_KEY_CHECKS=@OLD_FOREIGN_KEY_CHECKS */;
/*!40014 SET UNIQUE_CHECKS=@OLD_UNIQUE_CHECKS */;
/*!40101 SET CHARACTER_SET_CLIENT=@OLD_CHARACTER_SET_CLIENT */;
/*!40101 SET CHARACTER_SET_RESULTS=@OLD_CHARACTER_SET_RESULTS */;
/*!40101 SET COLLATION_CONNECTION=@OLD_COLLATION_CONNECTION */;
/*!40111 SET SQL_NOTES=@OLD_SQL_NOTES */;

-- Dump completed on 2020-05-28 21:26:29
